City,Latitude,Longitude,Price,Pricing
montreal,45.597136,-73.56931,1.0,per hour
montreal,45.597136,-73.56931,1.0,per hour
montreal,45.605348,-73.585155,1.0,per hour
montreal,45.605348,-73.585155,1.0,per hour
montreal,45.60919631,-73.58910024,1.0,per hour
montreal,45.60919631,-73.58910024,1.0,per hour
montreal,45.61634620767123,-73.55157011723178,1.0,per hour
montreal,45.61634620767123,-73.55157011723178,1.0,per hour
montreal,45.60978719,-73.55726074,1.0,per hour
montreal,45.60978719,-73.55726074,1.0,per hour
montreal,45.60978719,-73.55726074,1.0,per hour
montreal,45.60978719,-73.55726074,1.0,per hour
montreal,45.6074819,-73.5865146,1.0,per hour
montreal,45.6074819,-73.5865146,1.0,per hour
montreal,45.6074819,-73.5865146,1.0,per hour
montreal,45.6074819,-73.5865146,1.0,per hour
montreal,45.6074819,-73.5865146,1.0,per hour
montreal,45.6074819,-73.5865146,1.0,per hour
montreal,45.6074819,-73.5865146,1.0,per hour
montreal,45.6074819,-73.5865146,1.0,per hour
montreal,45.621933,-73.573054,1.0,per hour
montreal,45.621933,-73.573054,1.0,per hour
montreal,45.603003,-73.56918,1.0,per hour
montreal,45.603003,-73.56918,1.0,per hour
montreal,45.6014799,-73.5416597,1.0,per hour
montreal,45.6014799,-73.5416597,1.0,per hour
montreal,45.6014799,-73.5416597,1.0,per hour
montreal,45.6014799,-73.5416597,1.0,per hour
montreal,45.55327559999999,-73.6697993,1.0,per hour
montreal,45.55327559999999,-73.6697993,1.0,per hour
montreal,45.601665,-73.557643,1.0,per hour
montreal,45.601665,-73.557643,1.0,per hour
montreal,45.604093,-73.551504,1.0,per hour
montreal,45.604093,-73.551504,1.0,per hour
montreal,45.615923,-73.553482,1.0,per hour
montreal,45.615923,-73.553482,1.0,per hour
montreal,45.617913,-73.559252,1.0,per hour
montreal,45.617913,-73.559252,1.0,per hour
montreal,45.595635,-73.559549,1.0,per hour
montreal,45.595635,-73.559549,1.0,per hour
montreal,45.6132888,-73.5479429,1.0,per hour
montreal,45.6132888,-73.5479429,1.0,per hour
montreal,45.6132888,-73.5479429,1.0,per hour
montreal,45.6132888,-73.5479429,1.0,per hour
montreal,45.603715669400856,-73.5828762579174,1.0,per hour
montreal,45.603715669400856,-73.5828762579174,1.0,per hour
montreal,45.59775,-73.552876,1.0,per hour
montreal,45.59775,-73.552876,1.0,per hour
montreal,45.59775,-73.552876,1.0,per hour
montreal,45.59775,-73.552876,1.0,per hour
montreal,45.607902,-73.561428,1.0,per hour
montreal,45.607902,-73.561428,1.0,per hour
montreal,45.558804,-73.658655,1.0,per hour
montreal,45.558804,-73.658655,1.0,per hour
montreal,45.55097989999999,-73.65110030000001,1.0,per hour
montreal,45.55097989999999,-73.65110030000001,1.0,per hour
montreal,45.552297,-73.673625,1.0,per hour
montreal,45.552297,-73.673625,1.0,per hour
montreal,45.562906,-73.656227,1.0,per hour
montreal,45.562906,-73.656227,1.0,per hour
montreal,45.567582,-73.653615,1.0,per hour
montreal,45.567582,-73.653615,1.0,per hour
montreal,45.53217,-73.706766,1.0,per hour
montreal,45.53217,-73.706766,1.0,per hour
montreal,45.545777,-73.692268,1.0,per hour
montreal,45.545777,-73.692268,1.0,per hour
montreal,45.610535,-73.54809,1.0,per hour
montreal,45.606483,-73.563324,1.0,per hour
montreal,45.540928,-73.653312,1.0,per hour
montreal,45.540928,-73.653312,1.0,per hour
montreal,45.552676,-73.65481,1.0,per hour
montreal,45.552676,-73.65481,1.0,per hour
montreal,45.541031,-73.642792,1.0,per hour
montreal,45.541031,-73.642792,1.0,per hour
montreal,45.537961,-73.654751,1.0,per hour
montreal,45.537961,-73.654751,1.0,per hour
montreal,45.531689,-73.72589,1.0,per hour
montreal,45.531689,-73.72589,1.0,per hour
montreal,45.548862,-73.664778,1.0,per hour
montreal,45.548862,-73.664778,1.0,per hour
montreal,45.548862,-73.664778,1.0,per hour
montreal,45.548862,-73.664778,1.0,per hour
montreal,45.565295,-73.660453,1.0,per hour
montreal,45.565295,-73.660453,1.0,per hour
montreal,45.538203,-73.678763,1.0,per hour
montreal,45.538203,-73.678763,1.0,per hour
montreal,45.538203,-73.678763,1.0,per hour
montreal,45.538203,-73.678763,1.0,per hour
montreal,45.552497,-73.646632,1.0,per hour
montreal,45.552497,-73.646632,1.0,per hour
montreal,45.557084,-73.671649,1.0,per hour
montreal,45.557084,-73.671649,1.0,per hour
montreal,45.557084,-73.671649,1.0,per hour
montreal,45.557084,-73.671649,1.0,per hour
montreal,45.578369,-73.65382,1.0,per hour
montreal,45.578369,-73.65382,1.0,per hour
montreal,45.55174,-73.675833,1.0,per hour
montreal,45.55174,-73.675833,1.0,per hour
montreal,45.563199,-73.642342,1.0,per hour
montreal,45.563199,-73.642342,1.0,per hour
montreal,45.555275,-73.624298,1.0,per hour
montreal,45.555275,-73.624298,1.0,per hour
montreal,45.55656,-73.652551,1.0,per hour
montreal,45.55656,-73.652551,1.0,per hour
montreal,45.535466,-73.669593,1.0,per hour
montreal,45.535466,-73.669593,1.0,per hour
montreal,45.578392,-73.656741,1.0,per hour
montreal,45.578392,-73.656741,1.0,per hour
montreal,45.55304512723416,-73.63315809673014,1.0,per hour
montreal,45.55304512723416,-73.63315809673014,1.0,per hour
montreal,45.55304512723416,-73.63315809673014,1.0,per hour
montreal,45.55304512723416,-73.63315809673014,1.0,per hour
montreal,45.53558,-73.717871,1.0,per hour
montreal,45.53558,-73.717871,1.0,per hour
montreal,45.556288,-73.659595,1.0,per hour
montreal,45.556288,-73.659595,1.0,per hour
montreal,45.533339,-73.679602,1.0,per hour
montreal,45.533339,-73.679602,1.0,per hour
montreal,45.544194,-73.651406,1.0,per hour
montreal,45.544194,-73.651406,1.0,per hour
montreal,45.544194,-73.651406,1.0,per hour
montreal,45.544194,-73.651406,1.0,per hour
montreal,45.577554,-73.647587,1.0,per hour
montreal,45.577554,-73.647587,1.0,per hour
montreal,45.55862,-73.667787,1.0,per hour
montreal,45.55862,-73.667787,1.0,per hour
montreal,45.559919,-73.667026,1.0,per hour
montreal,45.559919,-73.667026,1.0,per hour
montreal,45.539904,-73.653606,1.0,per hour
montreal,45.539904,-73.653606,1.0,per hour
montreal,45.57357346,-73.65304514,1.0,per hour
montreal,45.57357346,-73.65304514,1.0,per hour
montreal,45.53914366,-73.69805472,1.0,per hour
montreal,45.53914366,-73.69805472,1.0,per hour
montreal,45.53914366,-73.69805472,1.0,per hour
montreal,45.53914366,-73.69805472,1.0,per hour
montreal,45.5322009,-73.72094607,1.0,per hour
montreal,45.5322009,-73.72094607,1.0,per hour
montreal,45.5296408,-73.6547728,1.0,per hour
montreal,45.5296408,-73.6547728,1.0,per hour
montreal,45.529773,-73.7154587890817,1.0,per hour
montreal,45.529773,-73.7154587890817,1.0,per hour
montreal,45.529773,-73.7154587890817,1.0,per hour
montreal,45.529773,-73.7154587890817,1.0,per hour
montreal,45.55979279999999,-73.6487923,1.0,per hour
montreal,45.55979279999999,-73.6487923,1.0,per hour
montreal,45.55979279999999,-73.6487923,1.0,per hour
montreal,45.55979279999999,-73.6487923,1.0,per hour
montreal,45.554228,-73.66135,1.0,per hour
montreal,45.554228,-73.66135,1.0,per hour
montreal,45.554228,-73.66135,1.0,per hour
montreal,45.554228,-73.66135,1.0,per hour
montreal,45.5520054,-73.655971,1.0,per hour
montreal,45.5520054,-73.655971,1.0,per hour
montreal,45.557008,-73.664484,1.0,per hour
montreal,45.5367927,-73.6847163,1.0,per hour
montreal,45.5367927,-73.6847163,1.0,per hour
montreal,45.5367927,-73.6847163,1.0,per hour
montreal,45.60424,-73.628686,1.0,per hour
montreal,45.60424,-73.628686,1.0,per hour
montreal,45.598483,-73.635289,1.0,per hour
montreal,45.598483,-73.635289,1.0,per hour
montreal,45.598483,-73.62168,1.0,per hour
montreal,45.598483,-73.62168,1.0,per hour
montreal,45.59529,-73.638254,1.0,per hour
montreal,45.59529,-73.638254,1.0,per hour
montreal,45.599257,-73.626918,1.0,per hour
montreal,45.599257,-73.626918,1.0,per hour
montreal,45.603065,-73.640493,1.0,per hour
montreal,45.603065,-73.640493,1.0,per hour
montreal,45.586392,-73.652012,1.0,per hour
montreal,45.586392,-73.652012,1.0,per hour
montreal,45.586392,-73.652012,1.0,per hour
montreal,45.586392,-73.652012,1.0,per hour
montreal,45.59632986,-73.63137062,1.0,per hour
montreal,45.59632986,-73.63137062,1.0,per hour
montreal,45.594043,-73.63755,1.0,per hour
montreal,45.594043,-73.63755,1.0,per hour
montreal,45.578506,-73.597303,1.0,per hour
montreal,45.578506,-73.597303,1.0,per hour
montreal,45.589301,-73.607482,1.0,per hour
montreal,45.589301,-73.607482,1.0,per hour
montreal,45.582365,-73.594047,1.0,per hour
montreal,45.582365,-73.594047,1.0,per hour
montreal,45.584271,-73.592244,1.0,per hour
montreal,45.584271,-73.592244,1.0,per hour
montreal,45.584271,-73.592244,1.0,per hour
montreal,45.584271,-73.592244,1.0,per hour
montreal,45.58204448,-73.58114864,1.0,per hour
montreal,45.58204448,-73.58114864,1.0,per hour
montreal,45.5873141,-73.5885538,1.0,per hour
montreal,45.5873141,-73.5885538,1.0,per hour
montreal,45.5846908,-73.58420629999999,1.0,per hour
montreal,45.5846908,-73.58420629999999,1.0,per hour
montreal,45.5807598,-73.5961062,1.0,per hour
montreal,45.5807598,-73.5961062,1.0,per hour
montreal,45.574105,-73.59573,1.0,per hour
montreal,45.574105,-73.59573,1.0,per hour
montreal,45.574105,-73.59573,1.0,per hour
montreal,45.494773,-73.577613,1.0,per hour
montreal,45.494773,-73.577613,1.0,per hour
montreal,45.494773,-73.577613,1.0,per hour
montreal,45.494773,-73.577613,1.0,per hour
montreal,45.494773,-73.577613,1.0,per hour
montreal,45.5175347,-73.5981603,1.0,per hour
montreal,45.5175347,-73.5981603,1.0,per hour
montreal,45.5175347,-73.5981603,1.0,per hour
montreal,45.5175347,-73.5981603,1.0,per hour
montreal,45.523205,-73.611731,1.0,per hour
montreal,45.523205,-73.611731,1.0,per hour
montreal,45.523205,-73.611731,1.0,per hour
montreal,45.523205,-73.611731,1.0,per hour
montreal,45.521536,-73.608234,1.0,per hour
montreal,45.521536,-73.608234,1.0,per hour
montreal,45.521536,-73.608234,1.0,per hour
montreal,45.521536,-73.608234,1.0,per hour
montreal,45.517788,-73.596564,1.0,per hour
montreal,45.517788,-73.596564,1.0,per hour
montreal,45.519203,-73.622776,1.0,per hour
montreal,45.519203,-73.622776,1.0,per hour
montreal,45.519203,-73.622776,1.0,per hour
montreal,45.519203,-73.622776,1.0,per hour
montreal,45.518592,-73.597476,1.0,per hour
montreal,45.518592,-73.597476,1.0,per hour
montreal,45.518592,-73.597476,1.0,per hour
montreal,45.518592,-73.597476,1.0,per hour
montreal,45.518908,-73.61034436462427,1.0,per hour
montreal,45.518908,-73.61034436462427,1.0,per hour
montreal,45.518908,-73.61034436462427,1.0,per hour
montreal,45.518908,-73.61034436462427,1.0,per hour
montreal,45.52153232,-73.67108948,1.0,per hour
montreal,45.52153232,-73.67108948,1.0,per hour
montreal,45.52153232,-73.67108948,1.0,per hour
montreal,45.52153232,-73.67108948,1.0,per hour
montreal,45.52811,-73.68553,1.0,per hour
montreal,45.52811,-73.68553,1.0,per hour
montreal,45.52811,-73.68553,1.0,per hour
montreal,45.52811,-73.68553,1.0,per hour
montreal,45.5266853,-73.6681217,1.0,per hour
montreal,45.5266853,-73.6681217,1.0,per hour
montreal,45.5266853,-73.6681217,1.0,per hour
montreal,45.5266853,-73.6681217,1.0,per hour
montreal,45.511641,-73.71131,1.0,per hour
montreal,45.511641,-73.71131,1.0,per hour
montreal,45.499975,-73.735495,1.0,per hour
montreal,45.499975,-73.735495,1.0,per hour
montreal,45.499975,-73.735495,1.0,per hour
montreal,45.499975,-73.735495,1.0,per hour
montreal,45.51364297,-73.70745341,1.0,per hour
montreal,45.51364297,-73.70745341,1.0,per hour
montreal,45.51364297,-73.70745341,1.0,per hour
montreal,45.51364297,-73.70745341,1.0,per hour
montreal,45.510062,-73.677333,1.0,per hour
montreal,45.510062,-73.677333,1.0,per hour
montreal,45.51282,-73.683041,1.0,per hour
montreal,45.51282,-73.683041,1.0,per hour
montreal,45.51964,-73.697318,1.0,per hour
montreal,45.51964,-73.697318,1.0,per hour
montreal,45.49534,-73.748614,1.0,per hour
montreal,45.49534,-73.748614,1.0,per hour
montreal,45.528437,-73.675778,1.0,per hour
montreal,45.528437,-73.675778,1.0,per hour
montreal,45.517305,-73.726967,1.0,per hour
montreal,45.517305,-73.726967,1.0,per hour
montreal,45.52468,-73.675618,1.0,per hour
montreal,45.52468,-73.675618,1.0,per hour
montreal,45.502385,-73.724947,1.0,per hour
montreal,45.502385,-73.724947,1.0,per hour
montreal,45.516107,-73.678216,1.0,per hour
montreal,45.516107,-73.678216,1.0,per hour
montreal,45.516092,-73.690142,1.0,per hour
montreal,45.516092,-73.690142,1.0,per hour
montreal,45.488343,-73.751973,1.0,per hour
montreal,45.488343,-73.751973,1.0,per hour
montreal,45.506815,-73.739193,1.0,per hour
montreal,45.506815,-73.739193,1.0,per hour
montreal,45.495362,-73.743105,1.0,per hour
montreal,45.495362,-73.743105,1.0,per hour
montreal,45.516229,-73.662761,1.0,per hour
montreal,45.516229,-73.662761,1.0,per hour
montreal,45.473768,-73.700066,1.0,per hour
montreal,45.473768,-73.700066,1.0,per hour
montreal,45.531473,-73.668796,1.0,per hour
montreal,45.531473,-73.668796,1.0,per hour
montreal,45.531473,-73.668796,1.0,per hour
montreal,45.531473,-73.668796,1.0,per hour
montreal,45.510129,-73.699756,1.0,per hour
montreal,45.510129,-73.699756,1.0,per hour
montreal,45.507819,-73.716169,1.0,per hour
montreal,45.507819,-73.716169,1.0,per hour
montreal,45.498292,-73.679338,1.0,per hour
montreal,45.498292,-73.679338,1.0,per hour
montreal,45.507344,-73.673801,1.0,per hour
montreal,45.507344,-73.673801,1.0,per hour
montreal,45.518249,-73.710849,1.0,per hour
montreal,45.518249,-73.710849,1.0,per hour
montreal,45.518249,-73.710849,1.0,per hour
montreal,45.518249,-73.710849,1.0,per hour
montreal,45.5062731,-73.67618879999999,1.0,per hour
montreal,45.5062731,-73.67618879999999,1.0,per hour
montreal,45.5079339311309,-73.6826156269836,1.0,per hour
montreal,45.5079339311309,-73.6826156269836,1.0,per hour
montreal,45.5149537151104,-73.6910204074096,1.0,per hour
montreal,45.5149537151104,-73.6910204074096,1.0,per hour
montreal,45.512576,-73.6785,1.0,per hour
montreal,45.508447,-73.70115,1.0,per hour
montreal,45.508447,-73.70115,1.0,per hour
montreal,45.508447,-73.70115,1.0,per hour
montreal,45.508447,-73.70115,1.0,per hour
montreal,45.506203,-73.71137,1.0,per hour
montreal,45.506203,-73.71137,1.0,per hour
montreal,45.5117791,-73.6769004,1.0,per hour
montreal,45.5117791,-73.6769004,1.0,per hour
montreal,45.511443,-73.676426,1.0,per hour
montreal,45.446028,-73.650828,1.0,per hour
montreal,45.446028,-73.650828,1.0,per hour
montreal,45.433171,-73.683954,1.0,per hour
montreal,45.433171,-73.683954,1.0,per hour
montreal,45.438381,-73.715688,1.0,per hour
montreal,45.438381,-73.715688,1.0,per hour
montreal,45.440041,-73.682284,1.0,per hour
montreal,45.440041,-73.682284,1.0,per hour
montreal,45.436036,-73.678874,1.0,per hour
montreal,45.436036,-73.678874,1.0,per hour
montreal,45.442511,-73.649779,1.0,per hour
montreal,45.442511,-73.649779,1.0,per hour
montreal,45.437317,-73.704415,1.0,per hour
montreal,45.437317,-73.704415,1.0,per hour
montreal,45.4443822595757,-73.648235530793,1.0,per hour
montreal,45.4443822595757,-73.648235530793,1.0,per hour
montreal,45.43728,-73.683268,1.0,per hour
montreal,45.43728,-73.683268,1.0,per hour
montreal,45.441823,-73.69552,1.0,per hour
montreal,45.441823,-73.69552,1.0,per hour
montreal,45.441823,-73.69552,1.0,per hour
montreal,45.441823,-73.69552,1.0,per hour
montreal,45.4465955,-73.6803493,1.0,per hour
montreal,45.4465955,-73.6803493,1.0,per hour
montreal,45.44235924,-73.66594341,1.0,per hour
montreal,45.44235924,-73.66594341,1.0,per hour
montreal,45.44235924,-73.66594341,1.0,per hour
montreal,45.44235924,-73.66594341,1.0,per hour
montreal,45.45626683,-73.7191614,1.0,per hour
montreal,45.45626683,-73.7191614,1.0,per hour
montreal,45.43531836,-73.6747484,1.0,per hour
montreal,45.43531836,-73.6747484,1.0,per hour
montreal,45.43531836,-73.6747484,1.0,per hour
montreal,45.43531836,-73.6747484,1.0,per hour
montreal,45.43733305,-73.69494142,1.0,per hour
montreal,45.43733305,-73.69494142,1.0,per hour
montreal,45.44760923004999,-73.65050827209512,1.0,per hour
montreal,45.44760923004999,-73.65050827209512,1.0,per hour
montreal,45.436453,-73.699859,1.0,per hour
montreal,45.436453,-73.699859,1.0,per hour
montreal,45.426174,-73.659498,1.0,per hour
montreal,45.426174,-73.659498,1.0,per hour
montreal,45.429042,-73.593414,1.0,per hour
montreal,45.429042,-73.593414,1.0,per hour
montreal,45.429042,-73.593414,1.0,per hour
montreal,45.429042,-73.593414,1.0,per hour
montreal,45.434187,-73.603932,1.0,per hour
montreal,45.434187,-73.603932,1.0,per hour
montreal,45.430904,-73.597216,1.0,per hour
montreal,45.430904,-73.597216,1.0,per hour
montreal,45.420848,-73.626012,1.0,per hour
montreal,45.420848,-73.626012,1.0,per hour
montreal,45.420848,-73.626012,1.0,per hour
montreal,45.420848,-73.626012,1.0,per hour
montreal,45.445036,-73.625364,1.0,per hour
montreal,45.445036,-73.625364,1.0,per hour
montreal,45.445036,-73.625364,1.0,per hour
montreal,45.445036,-73.625364,1.0,per hour
montreal,45.431438,-73.604919,1.0,per hour
montreal,45.431438,-73.604919,1.0,per hour
montreal,45.41587064,-73.629419,1.0,per hour
montreal,45.41587064,-73.629419,1.0,per hour
montreal,45.42782266,-73.6439093,1.0,per hour
montreal,45.42782266,-73.6439093,1.0,per hour
montreal,45.43897525,-73.6335913,1.0,per hour
montreal,45.43897525,-73.6335913,1.0,per hour
montreal,45.426743,-73.60432,1.0,per hour
montreal,45.426743,-73.60432,1.0,per hour
montreal,45.426638,-73.604342,1.0,per hour
montreal,45.426638,-73.604342,1.0,per hour
montreal,45.434388,-73.645287,1.0,per hour
montreal,45.434388,-73.645287,1.0,per hour
montreal,45.42549646363295,-73.60931303895843,1.0,per hour
montreal,45.42549646363295,-73.60931303895843,1.0,per hour
montreal,45.42549646363295,-73.60931303895843,1.0,per hour
montreal,45.42549646363295,-73.60931303895843,1.0,per hour
montreal,45.4260622,-73.6573258,1.0,per hour
montreal,45.4260622,-73.6573258,1.0,per hour
montreal,45.4194831,-73.6108369,1.0,per hour
montreal,45.4194831,-73.6108369,1.0,per hour
montreal,45.4194831,-73.6108369,1.0,per hour
montreal,45.4194831,-73.6108369,1.0,per hour
montreal,45.453865,-73.567754,1.0,per hour
montreal,45.453865,-73.567754,1.0,per hour
montreal,45.451582,-73.548966,1.0,per hour
montreal,45.451582,-73.548966,1.0,per hour
montreal,45.46806807,-73.5654128,1.0,per hour
montreal,45.46806807,-73.5654128,1.0,per hour
montreal,45.46806807,-73.5654128,1.0,per hour
montreal,45.46806807,-73.5654128,1.0,per hour
montreal,45.470829,-73.565255,1.0,per hour
montreal,45.470829,-73.565255,1.0,per hour
montreal,45.463713,-73.541584,1.0,per hour
montreal,45.463713,-73.541584,1.0,per hour
montreal,45.463222,-73.578012,1.0,per hour
montreal,45.463222,-73.578012,1.0,per hour
montreal,45.449177,-73.551046,1.0,per hour
montreal,45.449177,-73.551046,1.0,per hour
montreal,45.449177,-73.551046,1.0,per hour
montreal,45.449177,-73.551046,1.0,per hour
montreal,45.46609,-73.575333,1.0,per hour
montreal,45.46609,-73.575333,1.0,per hour
montreal,45.462315,-73.577675,1.0,per hour
montreal,45.462315,-73.577675,1.0,per hour
montreal,45.45263,-73.572932,1.0,per hour
montreal,45.45263,-73.572932,1.0,per hour
montreal,45.467239,-73.570123,1.0,per hour
montreal,45.467239,-73.570123,1.0,per hour
montreal,45.45953,-73.576865,1.0,per hour
montreal,45.45953,-73.576865,1.0,per hour
montreal,45.45726,-73.563078,1.0,per hour
montreal,45.45726,-73.563078,1.0,per hour
montreal,45.45726,-73.563078,1.0,per hour
montreal,45.45726,-73.563078,1.0,per hour
montreal,45.456100411591166,-73.56821477941686,1.0,per hour
montreal,45.456100411591166,-73.56821477941686,1.0,per hour
montreal,45.45790145,-73.54382767,1.0,per hour
montreal,45.45790145,-73.54382767,1.0,per hour
montreal,45.45790145,-73.54382767,1.0,per hour
montreal,45.45790145,-73.54382767,1.0,per hour
montreal,45.46551135,-73.57953322,1.0,per hour
montreal,45.46551135,-73.57953322,1.0,per hour
montreal,45.44843028475453,-73.5782804121789,1.0,per hour
montreal,45.44843028475453,-73.5782804121789,1.0,per hour
montreal,45.459159,-73.555049,1.0,per hour
montreal,45.459159,-73.555049,1.0,per hour
montreal,45.459159,-73.555049,1.0,per hour
montreal,45.459159,-73.555049,1.0,per hour
montreal,45.459464,-73.57435,1.0,per hour
montreal,45.459464,-73.57435,1.0,per hour
montreal,45.509605,-73.806766,1.0,per hour
montreal,45.509605,-73.806766,1.0,per hour
montreal,45.475098,-73.855513,1.0,per hour
montreal,45.475098,-73.855513,1.0,per hour
montreal,45.509098,-73.783313,1.0,per hour
montreal,45.461711,-73.939758,1.0,per hour
montreal,45.461711,-73.939758,1.0,per hour
montreal,45.506864,-73.763468,1.0,per hour
montreal,45.506864,-73.763468,1.0,per hour
montreal,45.506864,-73.763468,1.0,per hour
montreal,45.506864,-73.763468,1.0,per hour
montreal,45.50418273,-73.7817353,1.0,per hour
montreal,45.50418273,-73.7817353,1.0,per hour
montreal,45.49909465,-73.85332135,1.0,per hour
montreal,45.49909465,-73.85332135,1.0,per hour
montreal,45.49909465,-73.85332135,1.0,per hour
montreal,45.49909465,-73.85332135,1.0,per hour
montreal,45.4882319,-73.8520686,1.0,per hour
montreal,45.4882319,-73.8520686,1.0,per hour
montreal,45.4882319,-73.8520686,1.0,per hour
montreal,45.4882319,-73.8520686,1.0,per hour
montreal,45.49547,-73.848823,1.0,per hour
montreal,45.49547,-73.848823,1.0,per hour
montreal,45.458325,-73.88109,1.0,per hour
montreal,45.488672,-73.87451,1.0,per hour
montreal,45.488672,-73.87451,1.0,per hour
montreal,45.49246293,-73.87141497,1.0,per hour
montreal,45.49246293,-73.87141497,1.0,per hour
montreal,45.49447748,-73.87320391,1.0,per hour
montreal,45.49447748,-73.87320391,1.0,per hour
montreal,45.477755744289865,-73.8734893805024,1.0,per hour
montreal,45.477755744289865,-73.8734893805024,1.0,per hour
montreal,45.47975,-73.60835,1.0,per hour
montreal,45.47975,-73.60835,1.0,per hour
montreal,45.47731019698928,-73.87156091761409,1.0,per hour
montreal,45.47731019698928,-73.87156091761409,1.0,per hour
montreal,45.488525,-73.881924,1.0,per hour
montreal,45.488525,-73.881924,1.0,per hour
montreal,45.531226,-73.635681,1.0,per hour
montreal,45.531226,-73.635681,1.0,per hour
montreal,45.540232,-73.620191,1.0,per hour
montreal,45.540232,-73.620191,1.0,per hour
montreal,45.536993,-73.615789,1.0,per hour
montreal,45.536993,-73.615789,1.0,per hour
montreal,45.539609,-73.614262,1.0,per hour
montreal,45.539609,-73.614262,1.0,per hour
montreal,45.540098,-73.63097,1.0,per hour
montreal,45.540098,-73.63097,1.0,per hour
montreal,45.55101,-73.604473,1.0,per hour
montreal,45.55101,-73.604473,1.0,per hour
montreal,45.537317,-73.624953,1.0,per hour
montreal,45.537317,-73.624953,1.0,per hour
montreal,45.546225,-73.626042,1.0,per hour
montreal,45.546225,-73.626042,1.0,per hour
montreal,45.541019,-73.63746,1.0,per hour
montreal,45.541019,-73.63746,1.0,per hour
montreal,45.532997,-73.642027,1.0,per hour
montreal,45.532997,-73.642027,1.0,per hour
montreal,45.56475,-73.58761,1.0,per hour
montreal,45.56475,-73.58761,1.0,per hour
montreal,45.525363,-73.625658,1.0,per hour
montreal,45.525363,-73.625658,1.0,per hour
montreal,45.551028,-73.59977,1.0,per hour
montreal,45.551028,-73.59977,1.0,per hour
montreal,45.549552,-73.60523,1.0,per hour
montreal,45.549552,-73.60523,1.0,per hour
montreal,45.527574,-73.62377,1.0,per hour
montreal,45.527574,-73.62377,1.0,per hour
montreal,45.544025,-73.624583,1.0,per hour
montreal,45.544025,-73.624583,1.0,per hour
montreal,45.547498,-73.63325,1.0,per hour
montreal,45.547498,-73.63325,1.0,per hour
montreal,45.535353,-73.61758,1.0,per hour
montreal,45.535353,-73.61758,1.0,per hour
montreal,45.556924,-73.59442,1.0,per hour
montreal,45.556924,-73.59442,1.0,per hour
montreal,45.545698,-73.63738,1.0,per hour
montreal,45.545698,-73.63738,1.0,per hour
montreal,45.529826,-73.62305,1.0,per hour
montreal,45.529826,-73.62305,1.0,per hour
montreal,45.538645,-73.618645,1.0,per hour
montreal,45.538645,-73.618645,1.0,per hour
montreal,45.536733,-73.61896,1.0,per hour
montreal,45.536733,-73.61896,1.0,per hour
montreal,45.54103,-73.61374,1.0,per hour
montreal,45.54103,-73.61374,1.0,per hour
montreal,45.543788,-73.632248,1.0,per hour
montreal,45.543788,-73.632248,1.0,per hour
montreal,45.540168,-73.634232,1.0,per hour
montreal,45.540168,-73.634232,1.0,per hour
montreal,45.547512,-73.611812,1.0,per hour
montreal,45.547512,-73.611812,1.0,per hour
montreal,45.569855,-73.604919,1.0,per hour
montreal,45.569855,-73.604919,1.0,per hour
montreal,45.569295,-73.636234,1.0,per hour
montreal,45.569295,-73.636234,1.0,per hour
montreal,45.562171,-73.604732,1.0,per hour
montreal,45.562171,-73.604732,1.0,per hour
montreal,45.529095,-73.618287,1.0,per hour
montreal,45.529095,-73.618287,1.0,per hour
montreal,45.53218887666503,-73.62482103103532,1.0,per hour
montreal,45.53218887666503,-73.62482103103532,1.0,per hour
montreal,45.53218887666503,-73.62482103103532,1.0,per hour
montreal,45.53218887666503,-73.62482103103532,1.0,per hour
montreal,45.574644,-73.625411,1.0,per hour
montreal,45.574644,-73.625411,1.0,per hour
montreal,45.544624,-73.614553,1.0,per hour
montreal,45.544624,-73.614553,1.0,per hour
montreal,45.566535,-73.626562,1.0,per hour
montreal,45.566535,-73.626562,1.0,per hour
montreal,45.567421,-73.614259,1.0,per hour
montreal,45.567421,-73.614259,1.0,per hour
montreal,45.542238,-73.640132,1.0,per hour
montreal,45.542238,-73.640132,1.0,per hour
montreal,45.541929,-73.613367,1.0,per hour
montreal,45.541929,-73.613367,1.0,per hour
montreal,45.52889,-73.640851,1.0,per hour
montreal,45.52889,-73.640851,1.0,per hour
montreal,45.541983,-73.626037,1.0,per hour
montreal,45.541983,-73.626037,1.0,per hour
montreal,45.55628760894959,-73.60971584304775,1.0,per hour
montreal,45.55628760894959,-73.60971584304775,1.0,per hour
montreal,45.542533,-73.636793,1.0,per hour
montreal,45.542533,-73.636793,1.0,per hour
montreal,45.533,-73.621508,1.0,per hour
montreal,45.533,-73.621508,1.0,per hour
montreal,45.533,-73.621508,1.0,per hour
montreal,45.533,-73.621508,1.0,per hour
montreal,45.581199,-73.622511,1.0,per hour
montreal,45.581199,-73.622511,1.0,per hour
montreal,45.541976,-73.630114,1.0,per hour
montreal,45.541976,-73.630114,1.0,per hour
montreal,45.52764621,-73.63386863,1.0,per hour
montreal,45.52764621,-73.63386863,1.0,per hour
montreal,45.55621639,-73.61611698,1.0,per hour
montreal,45.55621639,-73.61611698,1.0,per hour
montreal,45.54278741,-73.61822518,1.0,per hour
montreal,45.54278741,-73.61822518,1.0,per hour
montreal,45.546138,-73.629019,1.0,per hour
montreal,45.546138,-73.629019,1.0,per hour
montreal,45.53829209,-73.62820295,1.0,per hour
montreal,45.53829209,-73.62820295,1.0,per hour
montreal,45.5309399,-73.6324156,1.0,per hour
montreal,45.5309399,-73.6324156,1.0,per hour
montreal,45.546478,-73.618688,1.0,per hour
montreal,45.546478,-73.618688,1.0,per hour
montreal,45.546478,-73.618688,1.0,per hour
montreal,45.546478,-73.618688,1.0,per hour
montreal,45.5487275,-73.6302044,1.0,per hour
montreal,45.5487275,-73.6302044,1.0,per hour
montreal,45.5487275,-73.6302044,1.0,per hour
montreal,45.5487275,-73.6302044,1.0,per hour
montreal,45.5537079613019,-73.62182301622508,1.0,per hour
montreal,45.5537079613019,-73.62182301622508,1.0,per hour
montreal,45.5537079613019,-73.62182301622508,1.0,per hour
montreal,45.5537079613019,-73.62182301622508,1.0,per hour
montreal,45.571919,-73.638995,1.0,per hour
montreal,45.571919,-73.638995,1.0,per hour
montreal,45.57010859342487,-73.64040992331222,1.0,per hour
montreal,45.57010859342487,-73.64040992331222,1.0,per hour
montreal,45.5424634,-73.63309559999999,1.0,per hour
montreal,45.5424634,-73.63309559999999,1.0,per hour
montreal,45.5450773,-73.63114259999999,1.0,per hour
montreal,45.5450773,-73.63114259999999,1.0,per hour
montreal,45.5450773,-73.63114259999999,1.0,per hour
montreal,45.5450773,-73.63114259999999,1.0,per hour
montreal,45.559263,-73.592394,1.0,per hour
montreal,45.559263,-73.592394,1.0,per hour
montreal,45.559263,-73.592394,1.0,per hour
montreal,45.559263,-73.592394,1.0,per hour
montreal,45.5383254,-73.6347114,1.0,per hour
montreal,45.5383254,-73.6347114,1.0,per hour
montreal,45.5477735,-73.6279186,1.0,per hour
montreal,45.5477735,-73.6279186,1.0,per hour
montreal,45.56153,-73.60127,1.0,per hour
montreal,45.56153,-73.60127,1.0,per hour
montreal,45.534091,-73.644047,1.0,per hour
montreal,45.562243,-73.63818,1.0,per hour
montreal,45.562243,-73.63818,1.0,per hour
montreal,45.562243,-73.63818,1.0,per hour
montreal,45.562243,-73.63818,1.0,per hour
montreal,45.562243,-73.63818,1.0,per hour
montreal,45.562243,-73.63818,1.0,per hour
montreal,45.548532,-73.622186,1.0,per hour
montreal,45.5651689,-73.6070582,1.0,per hour
montreal,45.5651689,-73.6070582,1.0,per hour
montreal,45.5651689,-73.6070582,1.0,per hour
montreal,45.5651689,-73.6070582,1.0,per hour
montreal,45.536686,-73.603005,1.0,per hour
montreal,45.536686,-73.603005,1.0,per hour
montreal,45.535996,-73.613517,1.0,per hour
montreal,45.535996,-73.613517,1.0,per hour
montreal,45.546029,-73.594019,1.0,per hour
montreal,45.546029,-73.594019,1.0,per hour
montreal,45.5467448,-73.5763059,1.0,per hour
montreal,45.5467448,-73.5763059,1.0,per hour
montreal,45.564852,-73.577294,1.0,per hour
montreal,45.564852,-73.577294,1.0,per hour
montreal,45.550345,-73.573841,1.0,per hour
montreal,45.550345,-73.573841,1.0,per hour
montreal,45.539199,-73.605241,1.0,per hour
montreal,45.539199,-73.605241,1.0,per hour
montreal,45.545229,-73.561147,1.0,per hour
montreal,45.545229,-73.561147,1.0,per hour
montreal,45.532232,-73.619845,1.0,per hour
montreal,45.532232,-73.619845,1.0,per hour
montreal,45.533914,-73.616473,1.0,per hour
montreal,45.533914,-73.616473,1.0,per hour
montreal,45.531561,-73.61254,1.0,per hour
montreal,45.531561,-73.61254,1.0,per hour
montreal,45.5389965,-73.5968875,1.0,per hour
montreal,45.5389965,-73.5968875,1.0,per hour
montreal,45.534474,-73.59958,1.0,per hour
montreal,45.534474,-73.59958,1.0,per hour
montreal,45.553956,-73.571797,1.0,per hour
montreal,45.553956,-73.571797,1.0,per hour
montreal,45.543958,-73.581129,1.0,per hour
montreal,45.543958,-73.581129,1.0,per hour
montreal,45.566674,-73.585495,1.0,per hour
montreal,45.566674,-73.585495,1.0,per hour
montreal,45.55280219062118,-73.59139449091418,1.0,per hour
montreal,45.55280219062118,-73.59139449091418,1.0,per hour
montreal,45.550917,-73.585567,1.0,per hour
montreal,45.550917,-73.585567,1.0,per hour
montreal,45.530366,-73.608664,1.0,per hour
montreal,45.530366,-73.608664,1.0,per hour
montreal,45.5578,-73.576045,1.0,per hour
montreal,45.5578,-73.576045,1.0,per hour
montreal,45.562636,-73.588902,1.0,per hour
montreal,45.562636,-73.588902,1.0,per hour
montreal,45.548219,-73.574723,1.0,per hour
montreal,45.548219,-73.574723,1.0,per hour
montreal,45.54519,-73.60918,1.0,per hour
montreal,45.54519,-73.60918,1.0,per hour
montreal,45.533244,-73.596864,1.0,per hour
montreal,45.533244,-73.596864,1.0,per hour
montreal,45.533244,-73.596864,1.0,per hour
montreal,45.533244,-73.596864,1.0,per hour
montreal,45.544691,-73.58632,1.0,per hour
montreal,45.544691,-73.58632,1.0,per hour
montreal,45.545093,-73.6043,1.0,per hour
montreal,45.545093,-73.6043,1.0,per hour
montreal,45.554109,-73.559811,1.0,per hour
montreal,45.554109,-73.559811,1.0,per hour
montreal,45.534569,-73.60441,1.0,per hour
montreal,45.534569,-73.60441,1.0,per hour
montreal,45.562055,-73.573238,1.0,per hour
montreal,45.562055,-73.573238,1.0,per hour
montreal,45.535097,-73.610895,1.0,per hour
montreal,45.535097,-73.610895,1.0,per hour
montreal,45.5428645,-73.601371,1.0,per hour
montreal,45.5428645,-73.601371,1.0,per hour
montreal,45.541863,-73.607728,1.0,per hour
montreal,45.541863,-73.607728,1.0,per hour
montreal,45.5278,-73.61247,1.0,per hour
montreal,45.5278,-73.61247,1.0,per hour
montreal,45.536407,-73.591032,1.0,per hour
montreal,45.536407,-73.591032,1.0,per hour
montreal,45.552301,-73.572792,1.0,per hour
montreal,45.552301,-73.572792,1.0,per hour
montreal,45.554758,-73.596116,1.0,per hour
montreal,45.554758,-73.596116,1.0,per hour
montreal,45.549806,-73.558424,1.0,per hour
montreal,45.549806,-73.558424,1.0,per hour
montreal,45.546687,-73.593456,1.0,per hour
montreal,45.546687,-73.593456,1.0,per hour
montreal,45.549814,-73.59074,1.0,per hour
montreal,45.549814,-73.59074,1.0,per hour
montreal,45.5436105,-73.5957901,1.0,per hour
montreal,45.5436105,-73.5957901,1.0,per hour
montreal,45.548419,-73.561072,1.0,per hour
montreal,45.548419,-73.561072,1.0,per hour
montreal,45.555577,-73.585706,1.0,per hour
montreal,45.555577,-73.585706,1.0,per hour
montreal,45.558012,-73.569243,1.0,per hour
montreal,45.558012,-73.569243,1.0,per hour
montreal,45.531396,-73.617038,1.0,per hour
montreal,45.531396,-73.617038,1.0,per hour
montreal,45.549386,-73.596405,1.0,per hour
montreal,45.549386,-73.596405,1.0,per hour
montreal,45.5565572,-73.5726509,1.0,per hour
montreal,45.5565572,-73.5726509,1.0,per hour
montreal,45.546656,-73.55608,1.0,per hour
montreal,45.546656,-73.55608,1.0,per hour
montreal,45.537832,-73.610975,1.0,per hour
montreal,45.537832,-73.610975,1.0,per hour
montreal,45.547627,-73.582037,1.0,per hour
montreal,45.547627,-73.582037,1.0,per hour
montreal,45.539041,-73.606817,1.0,per hour
montreal,45.539041,-73.606817,1.0,per hour
montreal,45.548836,-73.599582,1.0,per hour
montreal,45.548836,-73.599582,1.0,per hour
montreal,45.534812,-73.615014,1.0,per hour
montreal,45.534812,-73.615014,1.0,per hour
montreal,45.534812,-73.615014,1.0,per hour
montreal,45.534812,-73.615014,1.0,per hour
montreal,45.56175576,-73.58054253,1.0,per hour
montreal,45.56175576,-73.58054253,1.0,per hour
montreal,45.548518,-73.578676,1.0,per hour
montreal,45.548518,-73.578676,1.0,per hour
montreal,45.546122,-73.5685,1.0,per hour
montreal,45.546122,-73.5685,1.0,per hour
montreal,45.54447,-73.59026,1.0,per hour
montreal,45.54447,-73.59026,1.0,per hour
montreal,45.535341,-73.600308,1.0,per hour
montreal,45.535341,-73.600308,1.0,per hour
montreal,45.535341,-73.600308,1.0,per hour
montreal,45.535341,-73.600308,1.0,per hour
montreal,45.540879,-73.588183,1.0,per hour
montreal,45.540879,-73.588183,1.0,per hour
montreal,45.556226,-73.562849,1.0,per hour
montreal,45.556226,-73.562849,1.0,per hour
montreal,45.54829222,-73.58788779,1.0,per hour
montreal,45.54829222,-73.58788779,1.0,per hour
montreal,45.545738,-73.58654496,1.0,per hour
montreal,45.545738,-73.58654496,1.0,per hour
montreal,45.540749,-73.612112,1.0,per hour
montreal,45.540749,-73.612112,1.0,per hour
montreal,45.540749,-73.612112,1.0,per hour
montreal,45.540749,-73.612112,1.0,per hour
montreal,45.53947909,-73.60053034,1.0,per hour
montreal,45.53947909,-73.60053034,1.0,per hour
montreal,45.54327137,-73.60684427,1.0,per hour
montreal,45.54327137,-73.60684427,1.0,per hour
montreal,45.55265103,-73.56099121,1.0,per hour
montreal,45.55265103,-73.56099121,1.0,per hour
montreal,45.55265103,-73.56099121,1.0,per hour
montreal,45.55265103,-73.56099121,1.0,per hour
montreal,45.54985345,-73.56384029,1.0,per hour
montreal,45.54985345,-73.56384029,1.0,per hour
montreal,45.54985345,-73.56384029,1.0,per hour
montreal,45.54985345,-73.56384029,1.0,per hour
montreal,45.561425,-73.557805,1.0,per hour
montreal,45.561425,-73.557805,1.0,per hour
montreal,45.561425,-73.557805,1.0,per hour
montreal,45.561425,-73.557805,1.0,per hour
montreal,45.530562,-73.615433,1.0,per hour
montreal,45.530562,-73.615433,1.0,per hour
montreal,45.53151,-73.60322,1.0,per hour
montreal,45.53151,-73.60322,1.0,per hour
montreal,45.53151,-73.60322,1.0,per hour
montreal,45.53151,-73.60322,1.0,per hour
montreal,45.5527874,-73.5763668,1.0,per hour
montreal,45.5527874,-73.5763668,1.0,per hour
montreal,45.5527874,-73.5763668,1.0,per hour
montreal,45.5527874,-73.5763668,1.0,per hour
montreal,45.5488161,-73.5711334,1.0,per hour
montreal,45.5488161,-73.5711334,1.0,per hour
montreal,45.553032,-73.55644,1.0,per hour
montreal,45.553032,-73.55644,1.0,per hour
montreal,45.553032,-73.55644,1.0,per hour
montreal,45.553032,-73.55644,1.0,per hour
montreal,45.5718239,-73.56557029999999,1.0,per hour
montreal,45.5718239,-73.56557029999999,1.0,per hour
montreal,45.556685,-73.55532,1.0,per hour
montreal,45.556685,-73.55532,1.0,per hour
montreal,45.55096,-73.540898,1.0,per hour
montreal,45.55096,-73.540898,1.0,per hour
montreal,45.600718,-73.519923,1.0,per hour
montreal,45.600718,-73.519923,1.0,per hour
montreal,45.540895,-73.547126,1.0,per hour
montreal,45.540895,-73.547126,1.0,per hour
montreal,45.547475,-73.550661,1.0,per hour
montreal,45.547475,-73.550661,1.0,per hour
montreal,45.557123,-73.537115,1.0,per hour
montreal,45.557123,-73.537115,1.0,per hour
montreal,45.560128,-73.543732,1.0,per hour
montreal,45.560128,-73.543732,1.0,per hour
montreal,45.552578,-73.53335,1.0,per hour
montreal,45.552578,-73.53335,1.0,per hour
montreal,45.542656,-73.545168,1.0,per hour
montreal,45.542656,-73.545168,1.0,per hour
montreal,45.544099,-73.544871,1.0,per hour
montreal,45.544099,-73.544871,1.0,per hour
montreal,45.538602,-73.541466,1.0,per hour
montreal,45.538602,-73.541466,1.0,per hour
montreal,45.541957,-73.539358,1.0,per hour
montreal,45.541957,-73.539358,1.0,per hour
montreal,45.548361,-73.546827,1.0,per hour
montreal,45.548361,-73.546827,1.0,per hour
montreal,45.551603,-73.552353,1.0,per hour
montreal,45.551603,-73.552353,1.0,per hour
montreal,45.552531,-73.544179,1.0,per hour
montreal,45.552531,-73.544179,1.0,per hour
montreal,45.552531,-73.544179,1.0,per hour
montreal,45.552531,-73.544179,1.0,per hour
montreal,45.556959,-73.541658,1.0,per hour
montreal,45.556959,-73.541658,1.0,per hour
montreal,45.571544,-73.540664,1.0,per hour
montreal,45.571544,-73.540664,1.0,per hour
montreal,45.555773,-73.530447,1.0,per hour
montreal,45.555773,-73.530447,1.0,per hour
montreal,45.594272,-73.511316,1.0,per hour
montreal,45.594272,-73.511316,1.0,per hour
montreal,45.594272,-73.511316,1.0,per hour
montreal,45.594272,-73.511316,1.0,per hour
montreal,45.54347097,-73.55037281,1.0,per hour
montreal,45.54347097,-73.55037281,1.0,per hour
montreal,45.600983,-73.513045,1.0,per hour
montreal,45.600983,-73.513045,1.0,per hour
montreal,45.550076,-73.534962,1.0,per hour
montreal,45.550076,-73.534962,1.0,per hour
montreal,45.541194,-73.554759,1.0,per hour
montreal,45.541194,-73.554759,1.0,per hour
montreal,45.611736,-73.525782,1.0,per hour
montreal,45.611736,-73.525782,1.0,per hour
montreal,45.570197,-73.525253,1.0,per hour
montreal,45.570197,-73.525253,1.0,per hour
montreal,45.60929,-73.5108626,1.0,per hour
montreal,45.60929,-73.5108626,1.0,per hour
montreal,45.573096,-73.535585,1.0,per hour
montreal,45.573096,-73.535585,1.0,per hour
montreal,45.545347,-73.537757,1.0,per hour
montreal,45.545347,-73.537757,1.0,per hour
montreal,45.544453,-73.556425,1.0,per hour
montreal,45.544453,-73.556425,1.0,per hour
montreal,45.604685,-73.52001,1.0,per hour
montreal,45.604685,-73.52001,1.0,per hour
montreal,45.610643,-73.514688,1.0,per hour
montreal,45.610643,-73.514688,1.0,per hour
montreal,45.578223,-73.558267,1.0,per hour
montreal,45.578223,-73.558267,1.0,per hour
montreal,45.588776,-73.536406,1.0,per hour
montreal,45.588776,-73.536406,1.0,per hour
montreal,45.554965,-73.550274,1.0,per hour
montreal,45.554965,-73.550274,1.0,per hour
montreal,45.576205,-73.546702,1.0,per hour
montreal,45.576205,-73.546702,1.0,per hour
montreal,45.540739,-73.551936,1.0,per hour
montreal,45.540739,-73.551936,1.0,per hour
montreal,45.558241,-73.533503,1.0,per hour
montreal,45.558241,-73.533503,1.0,per hour
montreal,45.55182,-73.549089,1.0,per hour
montreal,45.55182,-73.549089,1.0,per hour
montreal,45.599672,-73.523469,1.0,per hour
montreal,45.599672,-73.523469,1.0,per hour
montreal,45.558111,-73.529709,1.0,per hour
montreal,45.558111,-73.529709,1.0,per hour
montreal,45.544648,-73.540906,1.0,per hour
montreal,45.544648,-73.540906,1.0,per hour
montreal,45.60407706,-73.52872646,1.0,per hour
montreal,45.60407706,-73.52872646,1.0,per hour
montreal,45.61083134,-73.51733646,1.0,per hour
montreal,45.61083134,-73.51733646,1.0,per hour
montreal,45.5391836,-73.54428808,1.0,per hour
montreal,45.5391836,-73.54428808,1.0,per hour
montreal,45.57932384,-73.51395815,1.0,per hour
montreal,45.57932384,-73.51395815,1.0,per hour
montreal,45.57277209999999,-73.54120069999999,1.0,per hour
montreal,45.57277209999999,-73.54120069999999,1.0,per hour
montreal,45.57277209999999,-73.54120069999999,1.0,per hour
montreal,45.57277209999999,-73.54120069999999,1.0,per hour
montreal,45.57165699999999,-73.5419379,1.0,per hour
montreal,45.57165699999999,-73.5419379,1.0,per hour
montreal,45.57165699999999,-73.5419379,1.0,per hour
montreal,45.57165699999999,-73.5419379,1.0,per hour
montreal,45.546425330726215,-73.55491849845298,1.0,per hour
montreal,45.546425330726215,-73.55491849845298,1.0,per hour
montreal,45.546425330726215,-73.55491849845298,1.0,per hour
montreal,45.546425330726215,-73.55491849845298,1.0,per hour
montreal,45.545770685196906,-73.55297468314068,1.0,per hour
montreal,45.545770685196906,-73.55297468314068,1.0,per hour
montreal,45.545770685196906,-73.55297468314068,1.0,per hour
montreal,45.545770685196906,-73.55297468314068,1.0,per hour
montreal,45.58022121075516,-73.54517630546968,1.0,per hour
montreal,45.58022121075516,-73.54517630546968,1.0,per hour
montreal,45.613552,-73.534597,1.0,per hour
montreal,45.613552,-73.534597,1.0,per hour
montreal,45.613552,-73.534597,1.0,per hour
montreal,45.613552,-73.534597,1.0,per hour
montreal,45.55977,-73.534763,1.0,per hour
montreal,45.55977,-73.534763,1.0,per hour
montreal,45.55977,-73.534763,1.0,per hour
montreal,45.55977,-73.534763,1.0,per hour
montreal,45.5608224,-73.5461445,1.0,per hour
montreal,45.5608224,-73.5461445,1.0,per hour
montreal,45.55805350570117,-73.54820745860292,1.0,per hour
montreal,45.55805350570117,-73.54820745860292,1.0,per hour
montreal,45.55676001823153,-73.54368390767502,1.0,per hour
montreal,45.55676001823153,-73.54368390767502,1.0,per hour
montreal,45.55513878891468,-73.53864591955791,1.0,per hour
montreal,45.55513878891468,-73.53864591955791,1.0,per hour
montreal,45.554060583881714,-73.53528975113487,1.0,per hour
montreal,45.554060583881714,-73.53528975113487,1.0,per hour
montreal,45.55286880568408,-73.53158588359676,1.0,per hour
montreal,45.55286880568408,-73.53158588359676,1.0,per hour
montreal,45.5957581,-73.5223176,1.0,per hour
montreal,45.5957581,-73.5223176,1.0,per hour
montreal,45.582678,-73.537977,1.0,per hour
montreal,45.582678,-73.537977,1.0,per hour
montreal,45.601836,-73.516419,1.0,per hour
montreal,45.601836,-73.516419,1.0,per hour
montreal,45.5624923698896,-73.5493068134308,1.0,per hour
montreal,45.5624923698896,-73.5493068134308,1.0,per hour
montreal,45.5624923698896,-73.5493068134308,1.0,per hour
montreal,45.5624923698896,-73.5493068134308,1.0,per hour
montreal,45.5624923698896,-73.5493068134308,1.0,per hour
montreal,45.5624923698896,-73.5493068134308,1.0,per hour
montreal,45.562286,-73.547955,1.0,per hour
montreal,45.562286,-73.547955,1.0,per hour
montreal,45.506443,-73.570855,2.5,per session
montreal,45.506443,-73.570855,2.5,per session
montreal,45.536337,-73.571,1.0,per hour
montreal,45.536337,-73.571,1.0,per hour
montreal,45.527465,-73.580138,1.0,per hour
montreal,45.527465,-73.580138,1.0,per hour
montreal,45.520781,-73.570745,1.0,per hour
montreal,45.520781,-73.570745,1.0,per hour
montreal,45.5091963,-73.5710124,1.0,per hour
montreal,45.5091963,-73.5710124,1.0,per hour
montreal,45.5091963,-73.5710124,1.0,per hour
montreal,45.5091963,-73.5710124,1.0,per hour
montreal,45.518205,-73.581949,1.0,per hour
montreal,45.518205,-73.581949,1.0,per hour
montreal,45.522579,-73.591611,1.0,per hour
montreal,45.522579,-73.591611,1.0,per hour
montreal,45.524943,-73.565462,1.0,per hour
montreal,45.524943,-73.565462,1.0,per hour
montreal,45.530108,-73.590299,1.0,per hour
montreal,45.530108,-73.590299,1.0,per hour
montreal,45.530447,-73.577343,1.0,per hour
montreal,45.530447,-73.577343,1.0,per hour
montreal,45.512799,-73.570279,1.0,per hour
montreal,45.512799,-73.570279,1.0,per hour
montreal,45.53871,-73.560538,1.0,per hour
montreal,45.53871,-73.560538,1.0,per hour
montreal,45.520262,-73.586551,1.0,per hour
montreal,45.520262,-73.586551,1.0,per hour
montreal,45.527295,-73.58848,1.0,per hour
montreal,45.527295,-73.58848,1.0,per hour
montreal,45.537015,-73.583259,1.0,per hour
montreal,45.537015,-73.583259,1.0,per hour
montreal,45.534713,-73.577941,1.0,per hour
montreal,45.534713,-73.577941,1.0,per hour
montreal,45.517751,-73.569529,1.0,per hour
montreal,45.517751,-73.569529,1.0,per hour
montreal,45.521258,-73.567555,1.0,per hour
montreal,45.521258,-73.567555,1.0,per hour
montreal,45.52069,-73.597331,1.0,per hour
montreal,45.52069,-73.597331,1.0,per hour
montreal,45.5278593,-73.5948995,1.0,per hour
montreal,45.5278593,-73.5948995,1.0,per hour
montreal,45.5173023,-73.5913535,1.0,per hour
montreal,45.5173023,-73.5913535,1.0,per hour
montreal,45.521651,-73.602802,1.0,per hour
montreal,45.521651,-73.602802,1.0,per hour
montreal,45.531321,-73.575622,1.0,per hour
montreal,45.531321,-73.575622,1.0,per hour
montreal,45.526525,-73.585349,1.0,per hour
montreal,45.526525,-73.585349,1.0,per hour
montreal,45.525091,-73.585996,1.0,per hour
montreal,45.525091,-73.585996,1.0,per hour
montreal,45.523482,-73.576275,1.0,per hour
montreal,45.523482,-73.576275,1.0,per hour
montreal,45.526635,-73.598664,1.0,per hour
montreal,45.526635,-73.598664,1.0,per hour
montreal,45.51786,-73.574396,1.0,per hour
montreal,45.51786,-73.574396,1.0,per hour
montreal,45.507682,-73.578318,1.0,per hour
montreal,45.507682,-73.578318,1.0,per hour
montreal,45.539172,-73.58224,1.0,per hour
montreal,45.539172,-73.58224,1.0,per hour
montreal,45.53560059999999,-73.5680454,1.0,per hour
montreal,45.53560059999999,-73.5680454,1.0,per hour
montreal,45.513641,-73.572131,1.0,per hour
montreal,45.513641,-73.572131,1.0,per hour
montreal,45.524183,-73.595115,1.0,per hour
montreal,45.524183,-73.595115,1.0,per hour
montreal,45.533061,-73.584577,1.0,per hour
montreal,45.533061,-73.584577,1.0,per hour
montreal,45.500852,-73.56134,1.0,per hour
montreal,45.500852,-73.56134,1.0,per hour
montreal,45.507908,-73.56276,1.0,per hour
montreal,45.507908,-73.56276,1.0,per hour
montreal,45.507908,-73.56276,1.0,per hour
montreal,45.507908,-73.56276,1.0,per hour
montreal,45.52888,-73.55497,1.0,per hour
montreal,45.52888,-73.55497,1.0,per hour
montreal,45.527727,-73.55232,1.0,per hour
montreal,45.527727,-73.55232,1.0,per hour
montreal,45.527727,-73.55232,1.0,per hour
montreal,45.527727,-73.55232,1.0,per hour
montreal,45.50970924,-73.5619406,1.0,per hour
montreal,45.50970924,-73.5619406,1.0,per hour
montreal,45.50970924,-73.5619406,1.0,per hour
montreal,45.50970924,-73.5619406,1.0,per hour
montreal,45.522662,-73.5647,1.0,per hour
montreal,45.522662,-73.5647,1.0,per hour
montreal,45.495977,-73.57747,1.0,per hour
montreal,45.495977,-73.57747,1.0,per hour
montreal,45.495977,-73.57747,1.0,per hour
montreal,45.495977,-73.57747,1.0,per hour
montreal,45.501087,-73.573064,1.0,per hour
montreal,45.501087,-73.573064,1.0,per hour
montreal,45.501087,-73.573064,1.0,per hour
montreal,45.501087,-73.573064,1.0,per hour
montreal,45.505901,-73.570678,1.0,per hour
montreal,45.505901,-73.570678,1.0,per hour
montreal,45.505901,-73.570678,1.0,per hour
montreal,45.505901,-73.570678,1.0,per hour
montreal,45.508211,-73.568974,1.0,per hour
montreal,45.508211,-73.568974,1.0,per hour
montreal,45.508211,-73.568974,1.0,per hour
montreal,45.508211,-73.568974,1.0,per hour
montreal,45.510413,-73.565081,1.0,per hour
montreal,45.510413,-73.565081,1.0,per hour
montreal,45.510413,-73.565081,1.0,per hour
montreal,45.510413,-73.565081,1.0,per hour
montreal,45.512652,-73.562451,1.0,per hour
montreal,45.512652,-73.562451,1.0,per hour
montreal,45.512652,-73.562451,1.0,per hour
montreal,45.512652,-73.562451,1.0,per hour
montreal,45.514628,-73.562293,1.0,per hour
montreal,45.514628,-73.562293,1.0,per hour
montreal,45.515876,-73.55997,1.0,per hour
montreal,45.515876,-73.55997,1.0,per hour
montreal,45.515876,-73.55997,1.0,per hour
montreal,45.515876,-73.55997,1.0,per hour
montreal,45.51461,-73.559342,1.0,per hour
montreal,45.51461,-73.559342,1.0,per hour
montreal,45.5176188090555,-73.5575523988114,1.0,per hour
montreal,45.5176188090555,-73.5575523988114,1.0,per hour
montreal,45.532707,-73.552132,1.0,per hour
montreal,45.532707,-73.552132,1.0,per hour
montreal,45.532707,-73.552132,1.0,per hour
montreal,45.532707,-73.552132,1.0,per hour
montreal,45.537758,-73.549702,1.0,per hour
montreal,45.537758,-73.549702,1.0,per hour
montreal,45.521667,-73.554563,1.0,per hour
montreal,45.521667,-73.554563,1.0,per hour
montreal,45.491734,-73.587228,1.0,per hour
montreal,45.491734,-73.587228,1.0,per hour
montreal,45.49745346032592,-73.56956364185795,1.0,per hour
montreal,45.49745346032592,-73.56956364185795,1.0,per hour
montreal,45.520402,-73.563312,1.0,per hour
montreal,45.520402,-73.563312,1.0,per hour
montreal,45.521602,-73.55053,1.0,per hour
montreal,45.521602,-73.55053,1.0,per hour
montreal,45.494426,-73.567204,1.0,per hour
montreal,45.494426,-73.567204,1.0,per hour
montreal,45.512078,-73.550062,1.0,per hour
montreal,45.512078,-73.550062,1.0,per hour
montreal,45.512078,-73.550062,1.0,per hour
montreal,45.512078,-73.550062,1.0,per hour
montreal,45.524189,-73.551029,1.0,per hour
montreal,45.524189,-73.551029,1.0,per hour
montreal,45.505087,-73.572307,1.0,per hour
montreal,45.505087,-73.572307,1.0,per hour
montreal,45.528399,-73.547396,1.0,per hour
montreal,45.528399,-73.547396,1.0,per hour
montreal,45.52969,-73.560579,1.0,per hour
montreal,45.52969,-73.560579,1.0,per hour
montreal,45.513366,-73.55662,1.0,per hour
montreal,45.513366,-73.55662,1.0,per hour
montreal,45.508594,-73.560876,1.0,per hour
montreal,45.508594,-73.560876,1.0,per hour
montreal,45.498075,-73.555286,1.0,per hour
montreal,45.498075,-73.555286,1.0,per hour
montreal,45.5007427,-73.559962,1.0,per hour
montreal,45.5007427,-73.559962,1.0,per hour
montreal,45.5007427,-73.559962,1.0,per hour
montreal,45.5007427,-73.559962,1.0,per hour
montreal,45.498139,-73.580836,1.0,per hour
montreal,45.498139,-73.580836,1.0,per hour
montreal,45.518083,-73.556906,1.0,per hour
montreal,45.518083,-73.556906,1.0,per hour
montreal,45.493563,-73.578921,1.0,per hour
montreal,45.493563,-73.578921,1.0,per hour
montreal,45.513658,-73.566362,1.0,per hour
montreal,45.513658,-73.566362,1.0,per hour
montreal,45.512226,-73.568993,1.0,per hour
montreal,45.512226,-73.568993,1.0,per hour
montreal,45.501537,-73.567076,1.0,per hour
montreal,45.501537,-73.567076,1.0,per hour
montreal,45.51579931300603,-73.55199546772714,1.0,per hour
montreal,45.51579931300603,-73.55199546772714,1.0,per hour
montreal,45.53143,-73.554762,1.0,per hour
montreal,45.53143,-73.554762,1.0,per hour
montreal,45.516068,-73.527649,1.0,per hour
montreal,45.516068,-73.527649,1.0,per hour
montreal,45.493141,-73.564997,1.0,per hour
montreal,45.493141,-73.564997,1.0,per hour
montreal,45.497859,-73.566558,1.0,per hour
montreal,45.497859,-73.566558,1.0,per hour
montreal,45.495779,-73.579707,1.0,per hour
montreal,45.495779,-73.579707,1.0,per hour
montreal,45.495287,-73.583007,1.0,per hour
montreal,45.495287,-73.583007,1.0,per hour
montreal,45.52505381,-73.55708859,1.0,per hour
montreal,45.52505381,-73.55708859,1.0,per hour
montreal,45.52505381,-73.55708859,1.0,per hour
montreal,45.52505381,-73.55708859,1.0,per hour
montreal,45.534249,-73.559867,1.0,per hour
montreal,45.534249,-73.559867,1.0,per hour
montreal,45.518899,-73.552659,1.0,per hour
montreal,45.518899,-73.552659,1.0,per hour
montreal,45.536642,-73.55466,1.0,per hour
montreal,45.536642,-73.55466,1.0,per hour
montreal,45.495457,-73.573937,1.0,per hour
montreal,45.495457,-73.573937,1.0,per hour
montreal,45.495457,-73.573937,1.0,per hour
montreal,45.495457,-73.573937,1.0,per hour
montreal,45.493394,-73.570132,1.0,per hour
montreal,45.493394,-73.570132,1.0,per hour
montreal,45.534987,-73.552084,1.0,per hour
montreal,45.534987,-73.552084,1.0,per hour
montreal,45.48834810020063,-73.58137015241358,1.0,per hour
montreal,45.48834810020063,-73.58137015241358,1.0,per hour
montreal,45.49926,-73.575419,1.0,per hour
montreal,45.49926,-73.575419,1.0,per hour
montreal,45.519729,-73.560182,1.0,per hour
montreal,45.519729,-73.560182,1.0,per hour
montreal,45.500451,-73.576023,1.0,per hour
montreal,45.500451,-73.576023,1.0,per hour
montreal,45.500451,-73.576023,1.0,per hour
montreal,45.500451,-73.576023,1.0,per hour
montreal,45.498851,-73.558516,1.0,per hour
montreal,45.498851,-73.558516,1.0,per hour
montreal,45.498851,-73.558516,1.0,per hour
montreal,45.498851,-73.558516,1.0,per hour
montreal,45.516150653008346,-73.55570761386342,1.0,per hour
montreal,45.516150653008346,-73.55570761386342,1.0,per hour
montreal,45.516150653008346,-73.55570761386342,1.0,per hour
montreal,45.516150653008346,-73.55570761386342,1.0,per hour
montreal,45.491511,-73.583714,1.0,per hour
montreal,45.491511,-73.583714,1.0,per hour
montreal,45.491511,-73.583714,1.0,per hour
montreal,45.491511,-73.583714,1.0,per hour
montreal,45.536257,-73.557723,1.0,per hour
montreal,45.536257,-73.557723,1.0,per hour
montreal,45.5029912,-73.56126,1.0,per hour
montreal,45.5029912,-73.56126,1.0,per hour
montreal,45.5029912,-73.56126,1.0,per hour
montreal,45.5029912,-73.56126,1.0,per hour
montreal,45.50418,-73.562553,1.0,per hour
montreal,45.50418,-73.562553,1.0,per hour
montreal,45.50418,-73.562553,1.0,per hour
montreal,45.50418,-73.562553,1.0,per hour
montreal,45.491156,-73.580627,1.0,per hour
montreal,45.491156,-73.580627,1.0,per hour
montreal,45.491156,-73.580627,1.0,per hour
montreal,45.491156,-73.580627,1.0,per hour
montreal,45.4979991,-73.55311209999999,1.0,per hour
montreal,45.4979991,-73.55311209999999,1.0,per hour
montreal,45.4979991,-73.55311209999999,1.0,per hour
montreal,45.4979991,-73.55311209999999,1.0,per hour
montreal,45.5128359,-73.5501014,1.0,per hour
montreal,45.5128359,-73.5501014,1.0,per hour
montreal,45.5128359,-73.5501014,1.0,per hour
montreal,45.5128359,-73.5501014,1.0,per hour
montreal,45.4973168,-73.5739878,1.0,per hour
montreal,45.4973168,-73.5739878,1.0,per hour
montreal,45.4973168,-73.5739878,1.0,per hour
montreal,45.4973168,-73.5739878,1.0,per hour
montreal,45.5210546,-73.5525069,1.0,per hour
montreal,45.5210546,-73.5525069,1.0,per hour
montreal,45.5210546,-73.5525069,1.0,per hour
montreal,45.5210546,-73.5525069,1.0,per hour
montreal,45.50408969999999,-73.5618932,1.0,per hour
montreal,45.50408969999999,-73.5618932,1.0,per hour
montreal,45.50408969999999,-73.5618932,1.0,per hour
montreal,45.50408969999999,-73.5618932,1.0,per hour
montreal,45.518326,-73.563687,1.0,per hour
montreal,45.518326,-73.563687,1.0,per hour
montreal,45.52517544076157,-73.56038003880552,1.0,per hour
montreal,45.52517544076157,-73.56038003880552,1.0,per hour
montreal,45.52517544076157,-73.56038003880552,1.0,per hour
montreal,45.52517544076157,-73.56038003880552,1.0,per hour
montreal,45.466805,-73.623583,1.0,per hour
montreal,45.466805,-73.623583,1.0,per hour
montreal,45.474621,-73.608302,1.0,per hour
montreal,45.474621,-73.608302,1.0,per hour
montreal,45.476487,-73.606153,1.0,per hour
montreal,45.476487,-73.606153,1.0,per hour
montreal,45.476487,-73.606153,1.0,per hour
montreal,45.476487,-73.606153,1.0,per hour
montreal,45.478208,-73.629689,1.0,per hour
montreal,45.478208,-73.629689,1.0,per hour
montreal,45.500176,-73.626197,1.0,per hour
montreal,45.500176,-73.626197,1.0,per hour
montreal,45.500176,-73.626197,1.0,per hour
montreal,45.500176,-73.626197,1.0,per hour
montreal,45.5001,-73.626006,1.0,per hour
montreal,45.5001,-73.626006,1.0,per hour
montreal,45.4974,-73.622784,1.0,per hour
montreal,45.4974,-73.622784,1.0,per hour
montreal,45.500598,-73.632462,1.0,per hour
montreal,45.500598,-73.632462,1.0,per hour
montreal,45.484167,-73.629705,1.0,per hour
montreal,45.484167,-73.629705,1.0,per hour
montreal,45.466759,-73.623781,1.0,per hour
montreal,45.466759,-73.623781,1.0,per hour
montreal,45.469082,-73.628219,1.0,per hour
montreal,45.469082,-73.628219,1.0,per hour
montreal,45.4719516,-73.60406569999999,1.0,per hour
montreal,45.4719516,-73.60406569999999,1.0,per hour
montreal,45.4719516,-73.60406569999999,1.0,per hour
montreal,45.4719516,-73.60406569999999,1.0,per hour
montreal,45.483967,-73.637694,1.0,per hour
montreal,45.483967,-73.637694,1.0,per hour
montreal,45.483967,-73.637694,1.0,per hour
montreal,45.483967,-73.637694,1.0,per hour
montreal,45.4779241,-73.6150681,1.0,per hour
montreal,45.4779241,-73.6150681,1.0,per hour
montreal,45.498543,-73.621772,1.0,per hour
montreal,45.498543,-73.621772,1.0,per hour
montreal,45.465749,-73.614126,1.0,per hour
montreal,45.465749,-73.614126,1.0,per hour
montreal,45.474704,-73.608527,1.0,per hour
montreal,45.474704,-73.608527,1.0,per hour
montreal,45.49571,-73.618201,1.0,per hour
montreal,45.49571,-73.618201,1.0,per hour
montreal,45.49571,-73.618201,1.0,per hour
montreal,45.49571,-73.618201,1.0,per hour
montreal,45.48778063,-73.63770162,1.0,per hour
montreal,45.48778063,-73.63770162,1.0,per hour
montreal,45.503899,-73.622842,1.0,per hour
montreal,45.503899,-73.622842,1.0,per hour
montreal,45.503899,-73.622842,1.0,per hour
montreal,45.503899,-73.622842,1.0,per hour
montreal,45.5090644,-73.6302047,1.0,per hour
montreal,45.5090644,-73.6302047,1.0,per hour
montreal,45.494166,-73.619645,1.0,per hour
montreal,45.494166,-73.619645,1.0,per hour
montreal,45.49974978,-73.62992402,1.0,per hour
montreal,45.49974978,-73.62992402,1.0,per hour
montreal,45.504899,-73.621948,1.0,per hour
montreal,45.504899,-73.621948,1.0,per hour
montreal,45.617828,-73.6072598,1.0,per hour
montreal,45.494349,-73.65421,1.0,per hour
montreal,45.494349,-73.65421,1.0,per hour
montreal,45.494349,-73.65421,1.0,per hour
montreal,45.494349,-73.65421,1.0,per hour
montreal,45.47907777,-73.61922648,1.0,per hour
montreal,45.47907777,-73.61922648,1.0,per hour
montreal,45.491264,-73.645548,1.0,per hour
montreal,45.491264,-73.645548,1.0,per hour
montreal,45.500736,-73.6471,1.0,per hour
montreal,45.500736,-73.6471,1.0,per hour
montreal,45.508874,-73.61836,1.0,per hour
montreal,45.508874,-73.61836,1.0,per hour
montreal,45.471682,-73.625817,1.0,per hour
montreal,45.471682,-73.625817,1.0,per hour
montreal,45.497777,-73.625666,1.0,per hour
montreal,45.497777,-73.625666,1.0,per hour
montreal,45.496464,-73.622383,1.0,per hour
montreal,45.496464,-73.622383,1.0,per hour
montreal,45.481283,-73.63176,1.0,per hour
montreal,45.481283,-73.63176,1.0,per hour
montreal,45.483925,-73.630404,1.0,per hour
montreal,45.483925,-73.630404,1.0,per hour
montreal,45.500806,-73.658274,1.0,per hour
montreal,45.500806,-73.658274,1.0,per hour
montreal,45.468854,-73.619696,1.0,per hour
montreal,45.468854,-73.619696,1.0,per hour
montreal,45.504304,-73.617605,1.0,per hour
montreal,45.504304,-73.617605,1.0,per hour
montreal,45.502698,-73.623678,1.0,per hour
montreal,45.502698,-73.623678,1.0,per hour
montreal,45.472706,-73.610418,1.0,per hour
montreal,45.472706,-73.610418,1.0,per hour
montreal,45.48104,-73.623896,1.0,per hour
montreal,45.48104,-73.623896,1.0,per hour
montreal,45.490172,-73.643094,1.0,per hour
montreal,45.490172,-73.643094,1.0,per hour
montreal,45.495415,-73.640144,1.0,per hour
montreal,45.495415,-73.640144,1.0,per hour
montreal,45.478394,-73.625169,1.0,per hour
montreal,45.478394,-73.625169,1.0,per hour
montreal,45.4869584,-73.6355896,1.0,per hour
montreal,45.4869584,-73.6355896,1.0,per hour
montreal,45.4918169,-73.6312684,1.0,per hour
montreal,45.4918169,-73.6312684,1.0,per hour
montreal,45.454422,-73.639278,1.0,per hour
montreal,45.454422,-73.639278,1.0,per hour
montreal,45.461712,-73.632145,1.0,per hour
montreal,45.461712,-73.632145,1.0,per hour
montreal,45.461712,-73.632145,1.0,per hour
montreal,45.461712,-73.632145,1.0,per hour
montreal,45.50228,-73.634695,1.0,per hour
montreal,45.50228,-73.634695,1.0,per hour
montreal,45.50228,-73.634695,1.0,per hour
montreal,45.50228,-73.634695,1.0,per hour
montreal,45.49805,-73.623932,1.0,per hour
montreal,45.49805,-73.623932,1.0,per hour
montreal,45.46928849,-73.60899548,1.0,per hour
montreal,45.46928849,-73.60899548,1.0,per hour
montreal,45.46710291,-73.61229902,1.0,per hour
montreal,45.46710291,-73.61229902,1.0,per hour
montreal,45.452826,-73.633344,1.0,per hour
montreal,45.452826,-73.633344,1.0,per hour
montreal,45.49336,-73.648803,1.0,per hour
montreal,45.49336,-73.648803,1.0,per hour
montreal,45.4908021,-73.639746,1.0,per hour
montreal,45.4908021,-73.639746,1.0,per hour
montreal,45.480186,-73.629561,1.0,per hour
montreal,45.480186,-73.629561,1.0,per hour
montreal,45.480186,-73.629561,1.0,per hour
montreal,45.480186,-73.629561,1.0,per hour
montreal,45.490545,-73.622885,1.0,per hour
montreal,45.490545,-73.622885,1.0,per hour
montreal,45.5113875,-73.6217009,1.0,per hour
montreal,45.5113875,-73.6217009,1.0,per hour
montreal,45.47545338457677,-73.62237837350077,1.0,per hour
montreal,45.47545338457677,-73.62237837350077,1.0,per hour
montreal,45.46595691137869,-73.63940740955903,1.0,per hour
montreal,45.46595691137869,-73.63940740955903,1.0,per hour
montreal,45.46595691137869,-73.63940740955903,1.0,per hour
montreal,45.46595691137869,-73.63940740955903,1.0,per hour
montreal,45.469067,-73.620176,1.0,per hour
montreal,45.469067,-73.620176,1.0,per hour
montreal,45.469067,-73.620176,1.0,per hour
montreal,45.469067,-73.620176,1.0,per hour
montreal,45.4661906,-73.6309119,1.0,per hour
montreal,45.471627,-73.63802,1.0,per hour
montreal,45.50526180000001,-73.63161219999999,1.0,per hour
montreal,45.50526180000001,-73.63161219999999,1.0,per hour
montreal,45.494898,-73.644266,1.0,per hour
montreal,45.494898,-73.644266,1.0,per hour
montreal,45.482756,-73.582619,1.0,per hour
montreal,45.482756,-73.582619,1.0,per hour
montreal,45.482756,-73.582619,1.0,per hour
montreal,45.482756,-73.582619,1.0,per hour
montreal,45.473652,-73.587634,1.0,per hour
montreal,45.473652,-73.587634,1.0,per hour
montreal,45.487874,-73.569212,1.0,per hour
montreal,45.487874,-73.569212,1.0,per hour
montreal,45.483595,-73.560208,1.0,per hour
montreal,45.483595,-73.560208,1.0,per hour
montreal,45.477045,-73.566929,1.0,per hour
montreal,45.477045,-73.566929,1.0,per hour
montreal,45.48178,-73.578613,1.0,per hour
montreal,45.48178,-73.578613,1.0,per hour
montreal,45.455853,-73.594737,1.0,per hour
montreal,45.455853,-73.594737,1.0,per hour
montreal,45.456132,-73.601308,1.0,per hour
montreal,45.456132,-73.601308,1.0,per hour
montreal,45.462917,-73.584786,1.0,per hour
montreal,45.462917,-73.584786,1.0,per hour
montreal,45.49400938,-73.56384258,1.0,per hour
montreal,45.49400938,-73.56384258,1.0,per hour
montreal,45.471297,-73.585517,1.0,per hour
montreal,45.471297,-73.585517,1.0,per hour
montreal,45.483512,-73.574681,1.0,per hour
montreal,45.483512,-73.574681,1.0,per hour
montreal,45.478472,-73.553093,1.0,per hour
montreal,45.478472,-73.553093,1.0,per hour
montreal,45.450914,-73.594951,1.0,per hour
montreal,45.450914,-73.594951,1.0,per hour
montreal,45.477645,-73.567529,1.0,per hour
montreal,45.477645,-73.567529,1.0,per hour
montreal,45.484356,-73.559822,1.0,per hour
montreal,45.484356,-73.559822,1.0,per hour
montreal,45.46129461,-73.588295,1.0,per hour
montreal,45.46129461,-73.588295,1.0,per hour
montreal,45.477515,-73.584979,1.0,per hour
montreal,45.477515,-73.584979,1.0,per hour
montreal,45.480917,-73.578968,1.0,per hour
montreal,45.480917,-73.578968,1.0,per hour
montreal,45.458143,-73.588273,1.0,per hour
montreal,45.458143,-73.588273,1.0,per hour
montreal,45.488813,-73.570943,1.0,per hour
montreal,45.488813,-73.570943,1.0,per hour
montreal,45.449282,-73.604975,1.0,per hour
montreal,45.449282,-73.604975,1.0,per hour
montreal,45.449282,-73.604975,1.0,per hour
montreal,45.449282,-73.604975,1.0,per hour
montreal,45.490340289322376,-73.55942379208311,1.0,per hour
montreal,45.490340289322376,-73.55942379208311,1.0,per hour
montreal,45.490340289322376,-73.55942379208311,1.0,per hour
montreal,45.490340289322376,-73.55942379208311,1.0,per hour
montreal,45.480808,-73.56592,1.0,per hour
montreal,45.480808,-73.56592,1.0,per hour
montreal,45.476501,-73.57244,1.0,per hour
montreal,45.476501,-73.57244,1.0,per hour
montreal,45.475625,-73.557778,1.0,per hour
montreal,45.475625,-73.557778,1.0,per hour
montreal,45.475625,-73.557778,1.0,per hour
montreal,45.475625,-73.557778,1.0,per hour
montreal,45.480554,-73.555775,1.0,per hour
montreal,45.480554,-73.555775,1.0,per hour
montreal,45.482396,-73.575472,1.0,per hour
montreal,45.482396,-73.575472,1.0,per hour
montreal,45.486783,-73.574046,1.0,per hour
montreal,45.486783,-73.574046,1.0,per hour
montreal,45.45749,-73.595545,1.0,per hour
montreal,45.45749,-73.595545,1.0,per hour
montreal,45.489561,-73.56622,1.0,per hour
montreal,45.489561,-73.56622,1.0,per hour
montreal,45.484391,-73.563946,1.0,per hour
montreal,45.484391,-73.563946,1.0,per hour
montreal,45.479668,-73.570762,1.0,per hour
montreal,45.479668,-73.570762,1.0,per hour
montreal,45.462471,-73.59743,1.0,per hour
montreal,45.462471,-73.59743,1.0,per hour
montreal,45.4502,-73.600205,1.0,per hour
montreal,45.4502,-73.600205,1.0,per hour
montreal,45.478807,-73.564067,1.0,per hour
montreal,45.478807,-73.564067,1.0,per hour
montreal,45.467924,-73.5929,1.0,per hour
montreal,45.467924,-73.5929,1.0,per hour
montreal,45.490222,-73.574478,1.0,per hour
montreal,45.490222,-73.574478,1.0,per hour
montreal,45.483961,-73.580352,1.0,per hour
montreal,45.483961,-73.580352,1.0,per hour
montreal,45.46028,-73.59336,1.0,per hour
montreal,45.46028,-73.59336,1.0,per hour
montreal,45.447918,-73.594599,1.0,per hour
montreal,45.447918,-73.594599,1.0,per hour
montreal,45.453832,-73.585596,1.0,per hour
montreal,45.453832,-73.585596,1.0,per hour
montreal,45.496484,-73.561119,1.0,per hour
montreal,45.496484,-73.561119,1.0,per hour
montreal,45.479755,-73.575791,1.0,per hour
montreal,45.479755,-73.575791,1.0,per hour
montreal,45.479755,-73.575791,1.0,per hour
montreal,45.479755,-73.575791,1.0,per hour
montreal,45.452145,-73.590171,1.0,per hour
montreal,45.452145,-73.590171,1.0,per hour
montreal,45.479816,-73.58644,1.0,per hour
montreal,45.479816,-73.58644,1.0,per hour
montreal,45.479816,-73.58644,1.0,per hour
montreal,45.479816,-73.58644,1.0,per hour
montreal,45.4771733,-73.57859789999999,1.0,per hour
montreal,45.4771733,-73.57859789999999,1.0,per hour
montreal,45.48658378,-73.57796873,1.0,per hour
montreal,45.48658378,-73.57796873,1.0,per hour
montreal,45.47494353,-73.56341317,1.0,per hour
montreal,45.47494353,-73.56341317,1.0,per hour
montreal,45.45318434,-73.60041416,1.0,per hour
montreal,45.45318434,-73.60041416,1.0,per hour
montreal,45.47988,-73.558326,1.0,per hour
montreal,45.47988,-73.558326,1.0,per hour
montreal,45.47988,-73.558326,1.0,per hour
montreal,45.47988,-73.558326,1.0,per hour
montreal,45.48377764407461,-73.57747398690756,1.0,per hour
montreal,45.48377764407461,-73.57747398690756,1.0,per hour
montreal,45.48377764407461,-73.57747398690756,1.0,per hour
montreal,45.48377764407461,-73.57747398690756,1.0,per hour
montreal,45.477333,-73.564217,1.0,per hour
montreal,45.477333,-73.564217,1.0,per hour
montreal,45.477333,-73.564217,1.0,per hour
montreal,45.477333,-73.564217,1.0,per hour
montreal,45.459822,-73.5969185,1.0,per hour
montreal,45.459822,-73.5969185,1.0,per hour
montreal,45.459822,-73.5969185,1.0,per hour
montreal,45.459822,-73.5969185,1.0,per hour
montreal,45.48253,-73.572606,1.0,per hour
montreal,45.48253,-73.572606,1.0,per hour
montreal,45.48253,-73.572606,1.0,per hour
montreal,45.48253,-73.572606,1.0,per hour
montreal,45.4916311,-73.5610621,1.0,per hour
montreal,45.4916311,-73.5610621,1.0,per hour
montreal,45.657782,-73.508574,1.0,per hour
montreal,45.657782,-73.508574,1.0,per hour
montreal,45.657782,-73.508574,1.0,per hour
montreal,45.657782,-73.508574,1.0,per hour
montreal,45.646417,-73.523576,1.0,per hour
montreal,45.646417,-73.523576,1.0,per hour
montreal,45.644233,-73.568159,1.0,per hour
montreal,45.644233,-73.568159,1.0,per hour
montreal,45.668567,-73.49462,1.0,per hour
montreal,45.668567,-73.49462,1.0,per hour
montreal,45.627014,-73.594283,1.0,per hour
montreal,45.627014,-73.594283,1.0,per hour
montreal,45.627014,-73.594283,1.0,per hour
montreal,45.627014,-73.594283,1.0,per hour
montreal,45.641926,-73.501726,1.0,per hour
montreal,45.641926,-73.501726,1.0,per hour
montreal,45.67908793,-73.50111126,1.0,per hour
montreal,45.67908793,-73.50111126,1.0,per hour
montreal,45.671906,-73.503933,1.0,per hour
montreal,45.671906,-73.503933,1.0,per hour
montreal,45.640202,-73.491069,1.0,per hour
montreal,45.640202,-73.491069,1.0,per hour
montreal,45.67189321,-73.50648,1.0,per hour
montreal,45.67189321,-73.50648,1.0,per hour
montreal,45.67189321,-73.50648,1.0,per hour
montreal,45.67189321,-73.50648,1.0,per hour
montreal,45.6501612,-73.4893505,1.0,per hour
montreal,45.6501612,-73.4893505,1.0,per hour
montreal,45.699042168522645,-73.48052037305982,1.0,per hour
montreal,45.699042168522645,-73.48052037305982,1.0,per hour
montreal,45.65276442993364,-73.49048572389376,1.0,per hour
montreal,45.65276442993364,-73.49048572389376,1.0,per hour
montreal,45.6642881,-73.5037875,1.0,per hour
montreal,45.6642881,-73.5037875,1.0,per hour
montreal,45.66734,-73.49342,1.0,per hour
montreal,45.66734,-73.49342,1.0,per hour
montreal,45.640398,-73.488913,1.0,per hour
montreal,45.640398,-73.488913,1.0,per hour
montreal,45.641308,-73.49087,1.0,per hour
montreal,45.65175,-73.500425,1.0,per hour
montreal,45.65175,-73.500425,1.0,per hour
montreal,45.6306384,-73.6017133,1.0,per hour
montreal,45.6306384,-73.6017133,1.0,per hour
montreal,45.651515,-73.577185,1.0,per hour
montreal,45.651515,-73.577185,1.0,per hour
montreal,45.590386575839176,-73.53705970254379,3.0,per session
montreal,45.590386575839176,-73.53705970254379,3.0,per session
montreal,45.4971082709454,-73.5567164535113,2.5,per session
montreal,45.4971082709454,-73.5567164535113,2.5,per session
montreal,45.4975137141037,-73.5542739210854,1.0,per hour
montreal,45.4975137141037,-73.5542739210854,1.0,per hour
montreal,45.502713,-73.568532,2.5,per session
montreal,45.502713,-73.568532,2.5,per session
montreal,45.56898,-73.538266,1.0,per hour
montreal,45.56898,-73.538266,1.0,per hour
montreal,45.56898,-73.538266,13.14,per tier (from)
montreal,45.5982886,-73.5530066,13.14,per tier (from)
montreal,45.5982886,-73.5530066,13.14,per tier (from)
montreal,45.524942,-73.580838,13.14,per tier (from)
montreal,45.507,-73.5654,13.14,per tier (from)
montreal,45.507,-73.5654,13.14,per tier (from)
montreal,45.507,-73.5654,13.14,per tier (from)
montreal,45.507,-73.5654,13.14,per tier (from)
montreal,45.478722,-73.57675,13.14,per tier (from)
montreal,45.478722,-73.57675,13.14,per tier (from)
montreal,45.651667,-73.500278,13.14,per tier (from)
montreal,45.651667,-73.500278,13.14,per tier (from)
montreal,45.497335,-73.623646,13.14,per tier (from)
montreal,45.5542526245117,-73.66552734375,18.32,per tier (from)
montreal,45.5542526245117,-73.66552734375,13.14,per tier (from)
montreal,45.554,-73.5409,16.2,per tier (from)
montreal,45.554,-73.5409,13.14,per tier (from)
montreal,45.554,-73.5409,7.76,per tier (from)
montreal,45.554,-73.5409,7.76,per tier (from)
montreal,45.554,-73.5409,18.32,per tier (from)
montreal,45.65,-73.5619,13.14,per tier (from)
montreal,45.65,-73.5619,16.2,per tier (from)
montreal,45.65,-73.5619,18.32,per tier (from)
montreal,45.548422,-73.575353,16.2,per tier (from)
montreal,45.548422,-73.575353,13.14,per tier (from)
montreal,45.548422,-73.575353,7.76,per tier (from)
montreal,45.548422,-73.575353,18.32,per tier (from)
montreal,45.548422,-73.575353,18.32,per tier (from)
montreal,45.4576,-73.5952,16.2,per tier (from)
montreal,45.4576,-73.5952,13.14,per tier (from)
montreal,45.4576,-73.5952,7.76,per tier (from)
montreal,45.4576,-73.5952,7.76,per tier (from)
montreal,45.4576,-73.5952,18.32,per tier (from)
montreal,45.5175224,-73.5984676,18.32,per tier (from)
montreal,45.5749423,-73.59295399999999,7.76,per tier (from)
montreal,45.5749423,-73.59295399999999,7.76,per tier (from)
montreal,45.5749423,-73.59295399999999,7.76,per tier (from)
montreal,45.5749423,-73.59295399999999,7.76,per tier (from)
montreal,45.5749423,-73.59295399999999,7.76,per tier (from)
montreal,45.5749423,-73.59295399999999,7.76,per tier (from)
montreal,45.574254,-73.595656,18.32,per tier (from)
montreal,45.574254,-73.595656,18.32,per tier (from)
montreal,45.574254,-73.595656,16.2,per tier (from)
montreal,45.574254,-73.595656,16.2,per tier (from)
montreal,45.58236706515778,-73.58580540251516,13.14,per tier (from)
montreal,45.58236706515778,-73.58580540251516,16.2,per tier (from)
montreal,45.5122,-73.6784,13.14,per tier (from)
montreal,45.5122,-73.6784,13.14,per tier (from)
montreal,45.5122,-73.6784,16.2,per tier (from)
montreal,45.5122,-73.6784,18.32,per tier (from)
montreal,45.5122,-73.6784,7.76,per tier (from)
montreal,45.4209001,-73.6231677,1.0,per hour
montreal,45.4209001,-73.6231677,1.0,per hour
montreal,45.4209001,-73.6231677,1.0,per hour
montreal,45.4209001,-73.6231677,1.0,per hour
montreal,45.44123454396765,-73.58434649397246,1.0,per hour
montreal,45.44123454396765,-73.58434649397246,1.0,per hour
montreal,45.44123454396765,-73.58434649397246,1.0,per hour
montreal,45.44123454396765,-73.58434649397246,1.0,per hour
montreal,45.4428489,-73.5857552,1.0,per hour
montreal,45.4428489,-73.5857552,1.0,per hour
montreal,45.4428489,-73.5857552,1.0,per hour
montreal,45.4428489,-73.5857552,1.0,per hour
montreal,45.6346755,-73.5848735,1.0,per hour
montreal,45.6346755,-73.5848735,1.0,per hour
montreal,45.6346755,-73.5848735,1.0,per hour
montreal,45.6346755,-73.5848735,1.0,per hour
montreal,45.5970556466084,-73.5712046756142,1.0,per hour
montreal,45.5970556466084,-73.5712046756142,1.0,per hour
montreal,45.4952593,-73.5691542,2.5,per session
montreal,45.4952593,-73.5691542,2.5,per session
montreal,45.5716895729997,-73.5873489814654,1.0,per hour
montreal,45.5716895729997,-73.5873489814654,1.0,per hour
montreal,45.551445,-73.64164,1.0,per hour
montreal,45.551445,-73.64164,1.0,per hour
montreal,45.55274,-73.642636,1.0,per hour
montreal,45.55274,-73.642636,1.0,per hour
montreal,45.552797,-73.643975,1.0,per hour
montreal,45.552797,-73.643975,1.0,per hour
montreal,45.4914683591903,-73.5812720416641,1.0,per hour
montreal,45.4914683591903,-73.5812720416641,1.0,per hour
montreal,45.536413,-73.67444,1.0,per hour
montreal,45.536413,-73.67444,1.0,per hour
montreal,45.538361,-73.67574,1.0,per hour
montreal,45.538361,-73.67574,1.0,per hour
montreal,45.54992,-73.55444,2.5,per session
montreal,45.5571391156207,-73.5811485717582,1.0,per hour
montreal,45.5571391156207,-73.5811485717582,1.0,per hour
montreal,45.504524,-73.5705,1.0,per hour
montreal,45.504524,-73.5705,1.0,per hour
montreal,45.618641,-73.604986,1.0,per hour
montreal,45.606737,-73.605979,1.0,per hour
montreal,45.512792,-73.672624,1.0,per hour
montreal,45.512792,-73.672624,1.0,per hour
montreal,45.507924,-73.56414,2.0,per hour
montreal,45.507924,-73.56414,2.0,per hour
montreal,45.507924,-73.56414,2.0,per hour
montreal,45.507924,-73.56414,2.0,per hour
montreal,45.507924,-73.56414,2.0,per hour
montreal,45.507924,-73.56414,2.0,per hour
montreal,45.507924,-73.56414,2.0,per hour
montreal,45.507924,-73.56414,2.0,per hour
montreal,45.507924,-73.56414,2.0,per hour
montreal,45.507924,-73.56414,2.0,per hour
montreal,45.507924,-73.56414,2.0,per hour
montreal,45.507924,-73.56414,2.0,per hour
montreal,45.507924,-73.56414,2.0,per hour
montreal,45.507924,-73.56414,2.0,per hour
montreal,45.507924,-73.56414,2.0,per hour
montreal,45.507924,-73.56414,2.0,per hour
montreal,45.507924,-73.56414,2.0,per hour
montreal,45.507924,-73.56414,2.0,per hour
montreal,45.507924,-73.56414,1.0,per hour
montreal,45.507924,-73.56414,2.0,per hour
montreal,45.507924,-73.56414,2.0,per hour
montreal,45.507924,-73.56414,2.0,per hour
montreal,45.507924,-73.56414,2.0,per hour
montreal,45.507924,-73.56414,2.0,per hour
montreal,45.507924,-73.56414,2.0,per hour
montreal,45.507924,-73.56414,2.0,per hour
montreal,45.507924,-73.56414,2.0,per hour
montreal,45.507924,-73.56414,2.0,per hour
montreal,45.507924,-73.56414,2.0,per hour
montreal,45.507924,-73.56414,2.0,per hour
montreal,45.507924,-73.56414,2.0,per hour
montreal,45.507924,-73.56414,2.0,per hour
montreal,45.507924,-73.56414,2.0,per hour
montreal,45.507924,-73.56414,2.0,per hour
montreal,45.490428,-73.650335,3.0,per hour
montreal,45.490428,-73.650335,3.0,per hour
montreal,45.56422,-73.60988,1.0,per hour
montreal,45.579398,-73.651804,1.0,per hour
montreal,45.558204,-73.63755,1.0,per hour
montreal,45.524668,-73.582986,1.0,per hour
montreal,45.657335,-73.508256,1.0,per hour
montreal,45.4631309509277,-73.6182327270508,1.0,per hour
montreal,45.575329,-73.58382,5.0,per session
montreal,45.501350402832,-73.5675964355469,2.5,per session
montreal,45.42037,-73.621863,1.0,per hour
montreal,45.42037,-73.621863,1.0,per hour
montreal,45.42037,-73.621863,1.0,per hour
montreal,45.42037,-73.621863,1.0,per hour
montreal,45.42037,-73.621863,1.0,per hour
montreal,45.42037,-73.621863,1.0,per hour
montreal,45.42037,-73.621863,1.0,per hour
montreal,45.42037,-73.621863,1.0,per hour
montreal,45.575077,-73.611321,3.0,per hour
montreal,45.507905,-73.558742,1.0,per hour
montreal,45.507905,-73.558742,1.0,per hour
montreal,45.507905,-73.558742,1.0,per hour
montreal,45.507905,-73.558742,1.0,per hour
montreal,45.507905,-73.558742,1.0,per hour
montreal,45.507905,-73.558742,1.0,per hour
montreal,45.507905,-73.558742,1.0,per hour
montreal,45.507905,-73.558742,1.0,per hour
montreal,45.518076,-73.56879,1.0,per hour
montreal,45.518076,-73.56879,1.0,per hour
montreal,45.5666999816895,-73.6542129516602,1.0,per hour
montreal,45.5666999816895,-73.6542129516602,1.0,per hour
montreal,45.6052565,-73.62113579999999,1.5,per hour
montreal,45.6052565,-73.62113579999999,1.5,per hour
montreal,45.502062,-73.57476,1.0,per hour
montreal,45.502062,-73.57476,1.0,per hour
montreal,45.5121667,-73.672229,1.0,per hour
montreal,45.5121667,-73.672229,1.0,per hour
montreal,45.5121667,-73.672229,1.0,per hour
montreal,45.5121667,-73.672229,1.0,per hour
montreal,45.5091667175293,-73.5659484863281,1.0,per hour
montreal,45.5091667175293,-73.5659484863281,1.0,per hour
montreal,45.5091667175293,-73.5659484863281,1.0,per hour
montreal,45.5091667175293,-73.5659484863281,1.0,per hour
montreal,45.5091667175293,-73.5659484863281,1.0,per hour
montreal,45.5091667175293,-73.5659484863281,1.0,per hour
montreal,45.5091667175293,-73.5659484863281,1.0,per hour
montreal,45.5091667175293,-73.5659484863281,1.0,per hour
montreal,45.509268,-73.565939,2.0,per hour
montreal,45.509268,-73.565939,2.0,per hour
montreal,45.509268,-73.565939,2.0,per hour
montreal,45.509268,-73.565939,2.0,per hour
montreal,45.509268,-73.565939,2.0,per hour
montreal,45.509268,-73.565939,2.0,per hour
montreal,45.509268,-73.565939,2.0,per hour
montreal,45.509268,-73.565939,2.0,per hour
montreal,45.509268,-73.565939,2.0,per hour
montreal,45.509268,-73.565939,2.0,per hour
montreal,45.509268,-73.565939,2.0,per hour
montreal,45.509268,-73.565939,2.0,per hour
montreal,45.509268,-73.565939,2.0,per hour
montreal,45.509268,-73.565939,2.0,per hour
montreal,45.509268,-73.565939,2.0,per hour
montreal,45.509268,-73.565939,2.0,per hour
montreal,45.5554177287515,-73.5513811997223,1.0,per hour
montreal,45.5554177287515,-73.5513811997223,1.0,per hour
montreal,45.5554177287515,-73.5513811997223,1.0,per hour
montreal,45.5554177287515,-73.5513811997223,1.0,per hour
montreal,45.5554177287515,-73.5513811997223,1.0,per hour
montreal,45.5554177287515,-73.5513811997223,1.0,per hour
montreal,45.5554177287515,-73.5513811997223,1.0,per hour
montreal,45.5554177287515,-73.5513811997223,1.0,per hour
montreal,45.5554177287515,-73.5513811997223,1.0,per hour
montreal,45.5554177287515,-73.5513811997223,1.0,per hour
montreal,45.560388,-73.55135,1.0,per hour
montreal,45.560388,-73.55135,1.0,per hour
montreal,45.560388,-73.55135,1.0,per hour
montreal,45.560388,-73.55135,1.0,per hour
montreal,45.560388,-73.55135,1.0,per hour
montreal,45.560388,-73.55135,1.0,per hour
montreal,45.560388,-73.55135,1.0,per hour
montreal,45.560388,-73.55135,1.0,per hour
montreal,45.560388,-73.55135,1.0,per hour
montreal,45.560388,-73.55135,1.0,per hour
montreal,45.556078,-73.550793,1.0,per hour
montreal,45.556078,-73.550793,1.0,per hour
montreal,45.556078,-73.550793,1.0,per hour
montreal,45.556078,-73.550793,1.0,per hour
montreal,45.556078,-73.550793,1.0,per hour
montreal,45.556078,-73.550793,1.0,per hour
montreal,45.5070655,-73.5683412,1.0,per hour
montreal,45.5070655,-73.5683412,1.0,per hour
montreal,45.5070655,-73.5683412,1.0,per hour
montreal,45.5070655,-73.5683412,1.0,per hour
montreal,45.5070655,-73.5683412,1.0,per hour
montreal,45.5070655,-73.5683412,1.0,per hour
montreal,45.509619,-73.55353,2.5,per session
montreal,45.509619,-73.55353,2.5,per session
montreal,45.509619,-73.55353,2.5,per session
montreal,45.509619,-73.55353,2.5,per session
montreal,45.509619,-73.55353,2.5,per session
montreal,45.509619,-73.55353,2.5,per session
montreal,45.506227,-73.525698,2.5,per session
montreal,45.506227,-73.525698,2.5,per session
montreal,45.506227,-73.525698,2.5,per session
montreal,45.506227,-73.525698,2.5,per session
montreal,45.506227,-73.525698,2.5,per session
montreal,45.506227,-73.525698,2.5,per session
montreal,45.5062154452052,-73.5256634441108,2.5,per session
montreal,45.5062154452052,-73.5256634441108,2.5,per session
montreal,45.5062154452052,-73.5256634441108,2.5,per session
montreal,45.5062154452052,-73.5256634441108,2.5,per session
montreal,45.5062154452052,-73.5256634441108,2.5,per session
montreal,45.5062154452052,-73.5256634441108,2.5,per session
montreal,45.5957020632717,-73.5348584656952,1.0,per hour
montreal,45.5880061,-73.63347999999999,1.0,per hour
montreal,45.5054949,-73.561207,2.5,per session
montreal,45.5054949,-73.561207,2.5,per session
montreal,45.5054949,-73.561207,2.5,per session
montreal,45.5054949,-73.561207,2.5,per session
montreal,45.4581432,-73.6423473,1.0,per hour
montreal,45.4581432,-73.6423473,1.0,per hour
montreal,45.4581432,-73.6423473,1.0,per hour
montreal,45.4581432,-73.6423473,1.0,per hour
